iteration,comparison,lhs,rhs,image,val_view_id,metric,better_direction,lhs_value,rhs_value,delta,oriented_delta,outcome
2000,E2_minus_E2_no_filter,E2,E2_no_filter,00000.png,001.jpg,psnr,higher,34.81259665,34.33309843,0.47949822,0.47949822,improved
2000,E2_minus_E2_no_filter,E2,E2_no_filter,00001.png,010.jpg,psnr,higher,33.19672500,34.35532461,-1.15859961,-1.15859961,regressed
2000,E2_minus_E2_no_filter,E2,E2_no_filter,00002.png,019.jpg,psnr,higher,21.08166992,20.34460922,0.73706070,0.73706070,improved
2000,E2_minus_E2_no_filter,E2,E2_no_filter,00003.png,028.jpg,psnr,higher,25.32685458,24.02308248,1.30377210,1.30377210,improved
2000,E2_minus_E2_no_filter,E2,E2_no_filter,00004.png,037.jpg,psnr,higher,30.08486862,16.32476986,13.76009876,13.76009876,improved
2000,E2_minus_E2_no_filter,E2,E2_no_filter,00005.png,046.jpg,psnr,higher,24.86775340,31.27923697,-6.41148357,-6.41148357,regressed
2000,E2_minus_E2_no_filter,E2,E2_no_filter,00006.png,055.jpg,psnr,higher,30.68838278,28.70174425,1.98663853,1.98663853,improved
2000,E2_minus_E2_no_filter,E2,E2_no_filter,00007.png,065.jpg,psnr,higher,27.81471673,30.48362289,-2.66890616,-2.66890616,regressed
2000,E2_minus_E2_no_filter,E2,E2_no_filter,00008.png,074.jpg,psnr,higher,32.07126636,32.35929827,-0.28803191,-0.28803191,regressed
2000,E2_minus_E2_no_filter,E2,E2_no_filter,00009.png,083.jpg,psnr,higher,26.79260946,22.79135382,4.00125564,4.00125564,improved
2000,E2_minus_E2_no_filter,E2,E2_no_filter,00010.png,092.jpg,psnr,higher,20.47424417,30.24861835,-9.77437418,-9.77437418,regressed
2000,E2_minus_E2_no_filter,E2,E2_no_filter,00011.png,101.jpg,psnr,higher,30.52510333,35.24034681,-4.71524348,-4.71524348,regressed
2000,E2_minus_E2_no_filter,E2,E2_no_filter,00012.png,110.jpg,psnr,higher,27.99455863,27.31782560,0.67673303,0.67673303,improved
2000,E2_minus_E2_no_filter,E2,E2_no_filter,00013.png,119.jpg,psnr,higher,33.81032147,27.43415274,6.37616873,6.37616873,improved
2000,E2_minus_E2_no_filter,E2,E2_no_filter,00014.png,129.jpg,psnr,higher,33.10250091,33.94978844,-0.84728753,-0.84728753,regressed
2000,E2_minus_E2_no_filter,E2,E2_no_filter,00015.png,138.jpg,psnr,higher,31.77379723,33.53293601,-1.75913878,-1.75913878,regressed
2000,E2_minus_E2_no_filter,E2,E2_no_filter,00016.png,147.jpg,psnr,higher,31.77793476,33.33465038,-1.55671562,-1.55671562,regressed
2000,E2_minus_E2_no_filter,E2,E2_no_filter,00017.png,156.jpg,psnr,higher,25.84625013,26.17859167,-0.33234154,-0.33234154,regressed
2000,E2_minus_E2_no_filter,E2,E2_no_filter,00018.png,165.jpg,psnr,higher,24.36834186,25.12627030,-0.75792844,-0.75792844,regressed
2000,E2_minus_E2_no_filter,E2,E2_no_filter,00019.png,174.jpg,psnr,higher,34.17565021,34.97722467,-0.80157446,-0.80157446,regressed
2000,E2_minus_E2_no_filter,E2,E2_no_filter,00020.png,183.jpg,psnr,higher,30.51651969,32.50729373,-1.99077404,-1.99077404,regressed
2000,E2_minus_E2_no_filter,E2,E2_no_filter,00021.png,193.jpg,psnr,higher,29.81280165,28.87484313,0.93795852,0.93795852,improved
2000,E2_minus_E2_no_filter,E2,E2_no_filter,00022.png,202.jpg,psnr,higher,33.04971809,32.83448975,0.21522834,0.21522834,improved
2000,E2_minus_E2_no_filter,E2,E2_no_filter,00023.png,211.jpg,psnr,higher,31.49388681,31.01429950,0.47958731,0.47958731,improved
2000,E2_minus_E2_no_filter,E2,E2_no_filter,00024.png,220.jpg,psnr,higher,31.77687013,31.47995704,0.29691309,0.29691309,improved
2000,E2_minus_E2_no_filter,E2,E2_no_filter,00025.png,229.jpg,psnr,higher,31.88721160,31.54364149,0.34357011,0.34357011,improved
2000,E2_minus_E2_no_filter,E2,E2_no_filter,00026.png,238.jpg,psnr,higher,31.18965456,31.11392241,0.07573215,0.07573215,improved
2000,E2_minus_E2_no_filter,E2,E2_no_filter,00027.png,247.jpg,psnr,higher,31.93496978,32.26447187,-0.32950209,-0.32950209,regressed
2000,E2_minus_E2_no_filter,E2,E2_no_filter,00028.png,257.jpg,psnr,higher,28.53151469,30.26490679,-1.73339210,-1.73339210,regressed
2000,E2_minus_E2_no_filter,E2,E2_no_filter,00029.png,266.jpg,psnr,higher,24.11283743,24.55123614,-0.43839871,-0.43839871,regressed
2000,E2_minus_E2_no_filter,E2,E2_no_filter,00030.png,275.jpg,psnr,higher,24.64965968,23.69009983,0.95955985,0.95955985,improved
2000,E2_minus_E2_no_filter,E2,E2_no_filter,00031.png,284.jpg,psnr,higher,34.86383222,33.33356638,1.53026584,1.53026584,improved
2000,E2_minus_E2_no_filter,E2,E2_no_filter,00032.png,293.jpg,psnr,higher,33.33746023,32.30831712,1.02914311,1.02914311,improved
2000,E2_minus_E2_no_filter,E2,E2_no_filter,00033.png,302.jpg,psnr,higher,30.07011151,28.64305336,1.42705815,1.42705815,improved
2000,E2_minus_E2_no_filter,E2,E2_no_filter,00000.png,001.jpg,ssim,higher,0.96732074,0.96712673,0.00019401,0.00019401,improved
2000,E2_minus_E2_no_filter,E2,E2_no_filter,00001.png,010.jpg,ssim,higher,0.95782697,0.95858848,-0.00076151,-0.00076151,regressed
2000,E2_minus_E2_no_filter,E2,E2_no_filter,00002.png,019.jpg,ssim,higher,0.89704502,0.89160657,0.00543845,0.00543845,improved
2000,E2_minus_E2_no_filter,E2,E2_no_filter,00003.png,028.jpg,ssim,higher,0.93355614,0.92181808,0.01173806,0.01173806,improved
2000,E2_minus_E2_no_filter,E2,E2_no_filter,00004.png,037.jpg,ssim,higher,0.94178104,0.86052144,0.08125960,0.08125960,improved
2000,E2_minus_E2_no_filter,E2,E2_no_filter,00005.png,046.jpg,ssim,higher,0.94536859,0.95177752,-0.00640893,-0.00640893,regressed
2000,E2_minus_E2_no_filter,E2,E2_no_filter,00006.png,055.jpg,ssim,higher,0.95294458,0.95157325,0.00137133,0.00137133,improved
2000,E2_minus_E2_no_filter,E2,E2_no_filter,00007.png,065.jpg,ssim,higher,0.94965547,0.95249397,-0.00283850,-0.00283850,regressed
2000,E2_minus_E2_no_filter,E2,E2_no_filter,00008.png,074.jpg,ssim,higher,0.95618469,0.95702857,-0.00084388,-0.00084388,regressed
2000,E2_minus_E2_no_filter,E2,E2_no_filter,00009.png,083.jpg,ssim,higher,0.94651151,0.93835187,0.00815964,0.00815964,improved
2000,E2_minus_E2_no_filter,E2,E2_no_filter,00010.png,092.jpg,ssim,higher,0.92264986,0.95517743,-0.03252757,-0.03252757,regressed
2000,E2_minus_E2_no_filter,E2,E2_no_filter,00011.png,101.jpg,ssim,higher,0.95214409,0.95768875,-0.00554466,-0.00554466,regressed
2000,E2_minus_E2_no_filter,E2,E2_no_filter,00012.png,110.jpg,ssim,higher,0.94867527,0.94972461,-0.00104934,-0.00104934,regressed
2000,E2_minus_E2_no_filter,E2,E2_no_filter,00013.png,119.jpg,ssim,higher,0.95673442,0.95167863,0.00505579,0.00505579,improved
2000,E2_minus_E2_no_filter,E2,E2_no_filter,00014.png,129.jpg,ssim,higher,0.96687245,0.96746337,-0.00059092,-0.00059092,regressed
2000,E2_minus_E2_no_filter,E2,E2_no_filter,00015.png,138.jpg,ssim,higher,0.95501316,0.95509857,-0.00008541,-0.00008541,regressed
2000,E2_minus_E2_no_filter,E2,E2_no_filter,00016.png,147.jpg,ssim,higher,0.95590210,0.95627910,-0.00037700,-0.00037700,regressed
2000,E2_minus_E2_no_filter,E2,E2_no_filter,00017.png,156.jpg,ssim,higher,0.94188130,0.94273198,-0.00085068,-0.00085068,regressed
2000,E2_minus_E2_no_filter,E2,E2_no_filter,00018.png,165.jpg,ssim,higher,0.93825638,0.94176197,-0.00350559,-0.00350559,regressed
2000,E2_minus_E2_no_filter,E2,E2_no_filter,00019.png,174.jpg,ssim,higher,0.96096528,0.96209377,-0.00112849,-0.00112849,regressed
2000,E2_minus_E2_no_filter,E2,E2_no_filter,00020.png,183.jpg,ssim,higher,0.95350742,0.95577842,-0.00227100,-0.00227100,regressed
2000,E2_minus_E2_no_filter,E2,E2_no_filter,00021.png,193.jpg,ssim,higher,0.94878852,0.94763017,0.00115835,0.00115835,improved
2000,E2_minus_E2_no_filter,E2,E2_no_filter,00022.png,202.jpg,ssim,higher,0.95688385,0.95725870,-0.00037485,-0.00037485,regressed
2000,E2_minus_E2_no_filter,E2,E2_no_filter,00023.png,211.jpg,ssim,higher,0.94323802,0.94429141,-0.00105339,-0.00105339,regressed
2000,E2_minus_E2_no_filter,E2,E2_no_filter,00024.png,220.jpg,ssim,higher,0.93547726,0.93497276,0.00050450,0.00050450,improved
2000,E2_minus_E2_no_filter,E2,E2_no_filter,00025.png,229.jpg,ssim,higher,0.93333757,0.93338120,-0.00004363,-0.00004363,regressed
2000,E2_minus_E2_no_filter,E2,E2_no_filter,00026.png,238.jpg,ssim,higher,0.93804616,0.93891746,-0.00087130,-0.00087130,regressed
2000,E2_minus_E2_no_filter,E2,E2_no_filter,00027.png,247.jpg,ssim,higher,0.93983257,0.94097769,-0.00114512,-0.00114512,regressed
2000,E2_minus_E2_no_filter,E2,E2_no_filter,00028.png,257.jpg,ssim,higher,0.93505847,0.93857807,-0.00351960,-0.00351960,regressed
2000,E2_minus_E2_no_filter,E2,E2_no_filter,00029.png,266.jpg,ssim,higher,0.90293878,0.90971792,-0.00677914,-0.00677914,regressed
2000,E2_minus_E2_no_filter,E2,E2_no_filter,00030.png,275.jpg,ssim,higher,0.92049223,0.91594976,0.00454247,0.00454247,improved
2000,E2_minus_E2_no_filter,E2,E2_no_filter,00031.png,284.jpg,ssim,higher,0.95585555,0.95517576,0.00067979,0.00067979,improved
2000,E2_minus_E2_no_filter,E2,E2_no_filter,00032.png,293.jpg,ssim,higher,0.95837593,0.95698142,0.00139451,0.00139451,improved
2000,E2_minus_E2_no_filter,E2,E2_no_filter,00033.png,302.jpg,ssim,higher,0.95058763,0.94756949,0.00301814,0.00301814,improved
2000,E2_minus_E2_no_filter,E2,E2_no_filter,00000.png,001.jpg,t_mae,lower,0.01209764,0.01426705,-0.00216941,0.00216941,improved
2000,E2_minus_E2_no_filter,E2,E2_no_filter,00001.png,010.jpg,t_mae,lower,0.01645491,0.01347763,0.00297728,-0.00297728,regressed
2000,E2_minus_E2_no_filter,E2,E2_no_filter,00002.png,019.jpg,t_mae,lower,0.06939192,0.07346231,-0.00407039,0.00407039,improved
2000,E2_minus_E2_no_filter,E2,E2_no_filter,00003.png,028.jpg,t_mae,lower,0.03722920,0.04122332,-0.00399412,0.00399412,improved
2000,E2_minus_E2_no_filter,E2,E2_no_filter,00004.png,037.jpg,t_mae,lower,0.02195468,0.10870671,-0.08675203,0.08675203,improved
2000,E2_minus_E2_no_filter,E2,E2_no_filter,00005.png,046.jpg,t_mae,lower,0.04545341,0.02103788,0.02441553,-0.02441553,regressed
2000,E2_minus_E2_no_filter,E2,E2_no_filter,00006.png,055.jpg,t_mae,lower,0.02252590,0.02770295,-0.00517705,0.00517705,improved
2000,E2_minus_E2_no_filter,E2,E2_no_filter,00007.png,065.jpg,t_mae,lower,0.02903209,0.02198084,0.00705125,-0.00705125,regressed
2000,E2_minus_E2_no_filter,E2,E2_no_filter,00008.png,074.jpg,t_mae,lower,0.01698221,0.01764753,-0.00066532,0.00066532,improved
2000,E2_minus_E2_no_filter,E2,E2_no_filter,00009.png,083.jpg,t_mae,lower,0.03324670,0.04225132,-0.00900462,0.00900462,improved
2000,E2_minus_E2_no_filter,E2,E2_no_filter,00010.png,092.jpg,t_mae,lower,0.07131940,0.02158992,0.04972948,-0.04972948,regressed
2000,E2_minus_E2_no_filter,E2,E2_no_filter,00011.png,101.jpg,t_mae,lower,0.02191340,0.01228454,0.00962886,-0.00962886,regressed
2000,E2_minus_E2_no_filter,E2,E2_no_filter,00012.png,110.jpg,t_mae,lower,0.02867021,0.03029562,-0.00162541,0.00162541,improved
2000,E2_minus_E2_no_filter,E2,E2_no_filter,00013.png,119.jpg,t_mae,lower,0.01486766,0.03192482,-0.01705716,0.01705716,improved
2000,E2_minus_E2_no_filter,E2,E2_no_filter,00014.png,129.jpg,t_mae,lower,0.01686363,0.01458864,0.00227499,-0.00227499,regressed
2000,E2_minus_E2_no_filter,E2,E2_no_filter,00015.png,138.jpg,t_mae,lower,0.01936858,0.01499561,0.00437297,-0.00437297,regressed
2000,E2_minus_E2_no_filter,E2,E2_no_filter,00016.png,147.jpg,t_mae,lower,0.01806291,0.01490432,0.00315859,-0.00315859,regressed
2000,E2_minus_E2_no_filter,E2,E2_no_filter,00017.png,156.jpg,t_mae,lower,0.04269998,0.04057669,0.00212329,-0.00212329,regressed
2000,E2_minus_E2_no_filter,E2,E2_no_filter,00018.png,165.jpg,t_mae,lower,0.04124581,0.03888361,0.00236220,-0.00236220,regressed
2000,E2_minus_E2_no_filter,E2,E2_no_filter,00019.png,174.jpg,t_mae,lower,0.01371753,0.01313012,0.00058741,-0.00058741,regressed
2000,E2_minus_E2_no_filter,E2,E2_no_filter,00020.png,183.jpg,t_mae,lower,0.02251359,0.01724641,0.00526718,-0.00526718,regressed
2000,E2_minus_E2_no_filter,E2,E2_no_filter,00021.png,193.jpg,t_mae,lower,0.02331795,0.02684313,-0.00352518,0.00352518,improved
2000,E2_minus_E2_no_filter,E2,E2_no_filter,00022.png,202.jpg,t_mae,lower,0.01732969,0.01894663,-0.00161694,0.00161694,improved
2000,E2_minus_E2_no_filter,E2,E2_no_filter,00023.png,211.jpg,t_mae,lower,0.01692642,0.01822801,-0.00130159,0.00130159,improved
2000,E2_minus_E2_no_filter,E2,E2_no_filter,00024.png,220.jpg,t_mae,lower,0.01742918,0.01834074,-0.00091156,0.00091156,improved
2000,E2_minus_E2_no_filter,E2,E2_no_filter,00025.png,229.jpg,t_mae,lower,0.01782997,0.01962970,-0.00179973,0.00179973,improved
2000,E2_minus_E2_no_filter,E2,E2_no_filter,00026.png,238.jpg,t_mae,lower,0.01981338,0.02014709,-0.00033371,0.00033371,improved
2000,E2_minus_E2_no_filter,E2,E2_no_filter,00027.png,247.jpg,t_mae,lower,0.01860054,0.01710509,0.00149545,-0.00149545,regressed
2000,E2_minus_E2_no_filter,E2,E2_no_filter,00028.png,257.jpg,t_mae,lower,0.02613853,0.02123831,0.00490022,-0.00490022,regressed
2000,E2_minus_E2_no_filter,E2,E2_no_filter,00029.png,266.jpg,t_mae,lower,0.04711309,0.04131425,0.00579884,-0.00579884,regressed
2000,E2_minus_E2_no_filter,E2,E2_no_filter,00030.png,275.jpg,t_mae,lower,0.04343317,0.04727110,-0.00383793,0.00383793,improved
2000,E2_minus_E2_no_filter,E2,E2_no_filter,00031.png,284.jpg,t_mae,lower,0.01278139,0.01592138,-0.00313999,0.00313999,improved
2000,E2_minus_E2_no_filter,E2,E2_no_filter,00032.png,293.jpg,t_mae,lower,0.01668480,0.01882092,-0.00213612,0.00213612,improved
2000,E2_minus_E2_no_filter,E2,E2_no_filter,00033.png,302.jpg,t_mae,lower,0.02320287,0.02899400,-0.00579113,0.00579113,improved
2000,E2_minus_E2_no_filter,E2,E2_no_filter,00000.png,001.jpg,e_mae,lower,0.00572451,0.00556961,0.00015490,-0.00015490,regressed
2000,E2_minus_E2_no_filter,E2,E2_no_filter,00001.png,010.jpg,e_mae,lower,0.00607209,0.00597403,0.00009806,-0.00009806,regressed
2000,E2_minus_E2_no_filter,E2,E2_no_filter,00002.png,019.jpg,e_mae,lower,0.00867100,0.00917473,-0.00050373,0.00050373,improved
2000,E2_minus_E2_no_filter,E2,E2_no_filter,00003.png,028.jpg,e_mae,lower,0.00821923,0.00848037,-0.00026114,0.00026114,improved
2000,E2_minus_E2_no_filter,E2,E2_no_filter,00004.png,037.jpg,e_mae,lower,0.00704810,0.00759154,-0.00054344,0.00054344,improved
2000,E2_minus_E2_no_filter,E2,E2_no_filter,00005.png,046.jpg,e_mae,lower,0.00750865,0.00684106,0.00066759,-0.00066759,regressed
2000,E2_minus_E2_no_filter,E2,E2_no_filter,00006.png,055.jpg,e_mae,lower,0.00638722,0.00645840,-0.00007118,0.00007118,improved
2000,E2_minus_E2_no_filter,E2,E2_no_filter,00007.png,065.jpg,e_mae,lower,0.00644370,0.00632408,0.00011962,-0.00011962,regressed
2000,E2_minus_E2_no_filter,E2,E2_no_filter,00008.png,074.jpg,e_mae,lower,0.00593114,0.00588774,0.00004340,-0.00004340,regressed
2000,E2_minus_E2_no_filter,E2,E2_no_filter,00009.png,083.jpg,e_mae,lower,0.00605089,0.00586719,0.00018370,-0.00018370,regressed
2000,E2_minus_E2_no_filter,E2,E2_no_filter,00010.png,092.jpg,e_mae,lower,0.00824377,0.00644100,0.00180277,-0.00180277,regressed
2000,E2_minus_E2_no_filter,E2,E2_no_filter,00011.png,101.jpg,e_mae,lower,0.00662470,0.00650733,0.00011737,-0.00011737,regressed
2000,E2_minus_E2_no_filter,E2,E2_no_filter,00012.png,110.jpg,e_mae,lower,0.00722919,0.00744018,-0.00021099,0.00021099,improved
2000,E2_minus_E2_no_filter,E2,E2_no_filter,00013.png,119.jpg,e_mae,lower,0.00662030,0.00659633,0.00002397,-0.00002397,regressed
2000,E2_minus_E2_no_filter,E2,E2_no_filter,00014.png,129.jpg,e_mae,lower,0.00587771,0.00566073,0.00021698,-0.00021698,regressed
2000,E2_minus_E2_no_filter,E2,E2_no_filter,00015.png,138.jpg,e_mae,lower,0.00666437,0.00672605,-0.00006168,0.00006168,improved
2000,E2_minus_E2_no_filter,E2,E2_no_filter,00016.png,147.jpg,e_mae,lower,0.00644481,0.00649554,-0.00005073,0.00005073,improved
2000,E2_minus_E2_no_filter,E2,E2_no_filter,00017.png,156.jpg,e_mae,lower,0.00741387,0.00740124,0.00001263,-0.00001263,regressed
2000,E2_minus_E2_no_filter,E2,E2_no_filter,00018.png,165.jpg,e_mae,lower,0.00578075,0.00574220,0.00003855,-0.00003855,regressed
2000,E2_minus_E2_no_filter,E2,E2_no_filter,00019.png,174.jpg,e_mae,lower,0.00527799,0.00526982,0.00000817,-0.00000817,regressed
2000,E2_minus_E2_no_filter,E2,E2_no_filter,00020.png,183.jpg,e_mae,lower,0.00572666,0.00568546,0.00004120,-0.00004120,regressed
2000,E2_minus_E2_no_filter,E2,E2_no_filter,00021.png,193.jpg,e_mae,lower,0.00640878,0.00640609,0.00000269,-0.00000269,regressed
2000,E2_minus_E2_no_filter,E2,E2_no_filter,00022.png,202.jpg,e_mae,lower,0.00495709,0.00492048,0.00003661,-0.00003661,regressed
2000,E2_minus_E2_no_filter,E2,E2_no_filter,00023.png,211.jpg,e_mae,lower,0.00698917,0.00691162,0.00007755,-0.00007755,regressed
2000,E2_minus_E2_no_filter,E2,E2_no_filter,00024.png,220.jpg,e_mae,lower,0.00760861,0.00766008,-0.00005147,0.00005147,improved
2000,E2_minus_E2_no_filter,E2,E2_no_filter,00025.png,229.jpg,e_mae,lower,0.00834749,0.00833817,0.00000932,-0.00000932,regressed
2000,E2_minus_E2_no_filter,E2,E2_no_filter,00026.png,238.jpg,e_mae,lower,0.00863883,0.00853961,0.00009922,-0.00009922,regressed
2000,E2_minus_E2_no_filter,E2,E2_no_filter,00027.png,247.jpg,e_mae,lower,0.00723875,0.00720466,0.00003409,-0.00003409,regressed
2000,E2_minus_E2_no_filter,E2,E2_no_filter,00028.png,257.jpg,e_mae,lower,0.00773814,0.00754369,0.00019445,-0.00019445,regressed
2000,E2_minus_E2_no_filter,E2,E2_no_filter,00029.png,266.jpg,e_mae,lower,0.00804714,0.00817460,-0.00012746,0.00012746,improved
2000,E2_minus_E2_no_filter,E2,E2_no_filter,00030.png,275.jpg,e_mae,lower,0.00603659,0.00603234,0.00000425,-0.00000425,regressed
2000,E2_minus_E2_no_filter,E2,E2_no_filter,00031.png,284.jpg,e_mae,lower,0.00553284,0.00548454,0.00004830,-0.00004830,regressed
2000,E2_minus_E2_no_filter,E2,E2_no_filter,00032.png,293.jpg,e_mae,lower,0.00578708,0.00580111,-0.00001403,0.00001403,improved
2000,E2_minus_E2_no_filter,E2,E2_no_filter,00033.png,302.jpg,e_mae,lower,0.00651266,0.00650100,0.00001166,-0.00001166,regressed
2000,E2_minus_E2_no_filter,E2,E2_no_filter,00000.png,001.jpg,gradient_preservation,higher,0.57718557,0.57191384,0.00527173,0.00527173,improved
2000,E2_minus_E2_no_filter,E2,E2_no_filter,00001.png,010.jpg,gradient_preservation,higher,0.52257299,0.51700437,0.00556862,0.00556862,improved
2000,E2_minus_E2_no_filter,E2,E2_no_filter,00002.png,019.jpg,gradient_preservation,higher,0.54496682,0.54504871,-0.00008189,-0.00008189,regressed
2000,E2_minus_E2_no_filter,E2,E2_no_filter,00003.png,028.jpg,gradient_preservation,higher,0.51627266,0.51453102,0.00174164,0.00174164,improved
2000,E2_minus_E2_no_filter,E2,E2_no_filter,00004.png,037.jpg,gradient_preservation,higher,0.54144114,0.52596319,0.01547795,0.01547795,improved
2000,E2_minus_E2_no_filter,E2,E2_no_filter,00005.png,046.jpg,gradient_preservation,higher,0.51060498,0.52538741,-0.01478243,-0.01478243,regressed
2000,E2_minus_E2_no_filter,E2,E2_no_filter,00006.png,055.jpg,gradient_preservation,higher,0.53992474,0.52682185,0.01310289,0.01310289,improved
2000,E2_minus_E2_no_filter,E2,E2_no_filter,00007.png,065.jpg,gradient_preservation,higher,0.52846831,0.53027064,-0.00180233,-0.00180233,regressed
2000,E2_minus_E2_no_filter,E2,E2_no_filter,00008.png,074.jpg,gradient_preservation,higher,0.53004962,0.51621801,0.01383161,0.01383161,improved
2000,E2_minus_E2_no_filter,E2,E2_no_filter,00009.png,083.jpg,gradient_preservation,higher,0.62118942,0.60243249,0.01875693,0.01875693,improved
2000,E2_minus_E2_no_filter,E2,E2_no_filter,00010.png,092.jpg,gradient_preservation,higher,0.49955335,0.58748710,-0.08793375,-0.08793375,regressed
2000,E2_minus_E2_no_filter,E2,E2_no_filter,00011.png,101.jpg,gradient_preservation,higher,0.56171101,0.51546788,0.04624313,0.04624313,improved
2000,E2_minus_E2_no_filter,E2,E2_no_filter,00012.png,110.jpg,gradient_preservation,higher,0.55556911,0.51416302,0.04140609,0.04140609,improved
2000,E2_minus_E2_no_filter,E2,E2_no_filter,00013.png,119.jpg,gradient_preservation,higher,0.53482842,0.51365769,0.02117073,0.02117073,improved
2000,E2_minus_E2_no_filter,E2,E2_no_filter,00014.png,129.jpg,gradient_preservation,higher,0.55865353,0.57422972,-0.01557619,-0.01557619,regressed
2000,E2_minus_E2_no_filter,E2,E2_no_filter,00015.png,138.jpg,gradient_preservation,higher,0.49420896,0.50261021,-0.00840125,-0.00840125,regressed
2000,E2_minus_E2_no_filter,E2,E2_no_filter,00016.png,147.jpg,gradient_preservation,higher,0.48501158,0.48684266,-0.00183108,-0.00183108,regressed
2000,E2_minus_E2_no_filter,E2,E2_no_filter,00017.png,156.jpg,gradient_preservation,higher,0.53035134,0.52357191,0.00677943,0.00677943,improved
2000,E2_minus_E2_no_filter,E2,E2_no_filter,00018.png,165.jpg,gradient_preservation,higher,0.54874462,0.53894860,0.00979602,0.00979602,improved
2000,E2_minus_E2_no_filter,E2,E2_no_filter,00019.png,174.jpg,gradient_preservation,higher,0.51808310,0.51980269,-0.00171959,-0.00171959,regressed
2000,E2_minus_E2_no_filter,E2,E2_no_filter,00020.png,183.jpg,gradient_preservation,higher,0.51310164,0.52207744,-0.00897580,-0.00897580,regressed
2000,E2_minus_E2_no_filter,E2,E2_no_filter,00021.png,193.jpg,gradient_preservation,higher,0.54027712,0.52774978,0.01252734,0.01252734,improved
2000,E2_minus_E2_no_filter,E2,E2_no_filter,00022.png,202.jpg,gradient_preservation,higher,0.55184960,0.53445470,0.01739490,0.01739490,improved
2000,E2_minus_E2_no_filter,E2,E2_no_filter,00023.png,211.jpg,gradient_preservation,higher,0.59356797,0.58491063,0.00865734,0.00865734,improved
2000,E2_minus_E2_no_filter,E2,E2_no_filter,00024.png,220.jpg,gradient_preservation,higher,0.57678056,0.56308734,0.01369322,0.01369322,improved
2000,E2_minus_E2_no_filter,E2,E2_no_filter,00025.png,229.jpg,gradient_preservation,higher,0.59590667,0.59911519,-0.00320852,-0.00320852,regressed
2000,E2_minus_E2_no_filter,E2,E2_no_filter,00026.png,238.jpg,gradient_preservation,higher,0.60190046,0.60210204,-0.00020158,-0.00020158,regressed
2000,E2_minus_E2_no_filter,E2,E2_no_filter,00027.png,247.jpg,gradient_preservation,higher,0.58674550,0.59260851,-0.00586301,-0.00586301,regressed
2000,E2_minus_E2_no_filter,E2,E2_no_filter,00028.png,257.jpg,gradient_preservation,higher,0.56386304,0.58649117,-0.02262813,-0.02262813,regressed
2000,E2_minus_E2_no_filter,E2,E2_no_filter,00029.png,266.jpg,gradient_preservation,higher,0.57798296,0.57441109,0.00357187,0.00357187,improved
2000,E2_minus_E2_no_filter,E2,E2_no_filter,00030.png,275.jpg,gradient_preservation,higher,0.46601695,0.45986485,0.00615210,0.00615210,improved
2000,E2_minus_E2_no_filter,E2,E2_no_filter,00031.png,284.jpg,gradient_preservation,higher,0.49805629,0.51309717,-0.01504088,-0.01504088,regressed
2000,E2_minus_E2_no_filter,E2,E2_no_filter,00032.png,293.jpg,gradient_preservation,higher,0.51623833,0.51998925,-0.00375092,-0.00375092,regressed
2000,E2_minus_E2_no_filter,E2,E2_no_filter,00033.png,302.jpg,gradient_preservation,higher,0.51947594,0.51239514,0.00708080,0.00708080,improved
2000,E2_minus_B0,E2,B0,00000.png,001.jpg,psnr,higher,34.81259665,33.74728183,1.06531482,1.06531482,improved
2000,E2_minus_B0,E2,B0,00001.png,010.jpg,psnr,higher,33.19672500,34.64711638,-1.45039138,-1.45039138,regressed
2000,E2_minus_B0,E2,B0,00002.png,019.jpg,psnr,higher,21.08166992,21.38395915,-0.30228923,-0.30228923,regressed
2000,E2_minus_B0,E2,B0,00003.png,028.jpg,psnr,higher,25.32685458,21.29753159,4.02932299,4.02932299,improved
2000,E2_minus_B0,E2,B0,00004.png,037.jpg,psnr,higher,30.08486862,15.90084329,14.18402533,14.18402533,improved
2000,E2_minus_B0,E2,B0,00005.png,046.jpg,psnr,higher,24.86775340,31.60303772,-6.73528432,-6.73528432,regressed
2000,E2_minus_B0,E2,B0,00006.png,055.jpg,psnr,higher,30.68838278,30.37863838,0.30974440,0.30974440,improved
2000,E2_minus_B0,E2,B0,00007.png,065.jpg,psnr,higher,27.81471673,28.00302515,-0.18830842,-0.18830842,regressed
2000,E2_minus_B0,E2,B0,00008.png,074.jpg,psnr,higher,32.07126636,33.48898209,-1.41771573,-1.41771573,regressed
2000,E2_minus_B0,E2,B0,00009.png,083.jpg,psnr,higher,26.79260946,23.48442187,3.30818759,3.30818759,improved
2000,E2_minus_B0,E2,B0,00010.png,092.jpg,psnr,higher,20.47424417,29.28811361,-8.81386944,-8.81386944,regressed
2000,E2_minus_B0,E2,B0,00011.png,101.jpg,psnr,higher,30.52510333,32.80631589,-2.28121256,-2.28121256,regressed
2000,E2_minus_B0,E2,B0,00012.png,110.jpg,psnr,higher,27.99455863,28.87338172,-0.87882309,-0.87882309,regressed
2000,E2_minus_B0,E2,B0,00013.png,119.jpg,psnr,higher,33.81032147,33.23979812,0.57052335,0.57052335,improved
2000,E2_minus_B0,E2,B0,00014.png,129.jpg,psnr,higher,33.10250091,34.40919358,-1.30669267,-1.30669267,regressed
2000,E2_minus_B0,E2,B0,00015.png,138.jpg,psnr,higher,31.77379723,34.07805195,-2.30425472,-2.30425472,regressed
2000,E2_minus_B0,E2,B0,00016.png,147.jpg,psnr,higher,31.77793476,33.57479459,-1.79685983,-1.79685983,regressed
2000,E2_minus_B0,E2,B0,00017.png,156.jpg,psnr,higher,25.84625013,25.66129143,0.18495870,0.18495870,improved
2000,E2_minus_B0,E2,B0,00018.png,165.jpg,psnr,higher,24.36834186,25.28334051,-0.91499865,-0.91499865,regressed
2000,E2_minus_B0,E2,B0,00019.png,174.jpg,psnr,higher,34.17565021,34.05489566,0.12075455,0.12075455,improved
2000,E2_minus_B0,E2,B0,00020.png,183.jpg,psnr,higher,30.51651969,31.96679509,-1.45027540,-1.45027540,regressed
2000,E2_minus_B0,E2,B0,00021.png,193.jpg,psnr,higher,29.81280165,28.15585736,1.65694429,1.65694429,improved
2000,E2_minus_B0,E2,B0,00022.png,202.jpg,psnr,higher,33.04971809,33.32888651,-0.27916842,-0.27916842,regressed
2000,E2_minus_B0,E2,B0,00023.png,211.jpg,psnr,higher,31.49388681,30.64829508,0.84559173,0.84559173,improved
2000,E2_minus_B0,E2,B0,00024.png,220.jpg,psnr,higher,31.77687013,31.02599926,0.75087087,0.75087087,improved
2000,E2_minus_B0,E2,B0,00025.png,229.jpg,psnr,higher,31.88721160,31.44448628,0.44272532,0.44272532,improved
2000,E2_minus_B0,E2,B0,00026.png,238.jpg,psnr,higher,31.18965456,30.34096395,0.84869061,0.84869061,improved
2000,E2_minus_B0,E2,B0,00027.png,247.jpg,psnr,higher,31.93496978,31.72717072,0.20779906,0.20779906,improved
2000,E2_minus_B0,E2,B0,00028.png,257.jpg,psnr,higher,28.53151469,29.55962078,-1.02810609,-1.02810609,regressed
2000,E2_minus_B0,E2,B0,00029.png,266.jpg,psnr,higher,24.11283743,23.94285465,0.16998278,0.16998278,improved
2000,E2_minus_B0,E2,B0,00030.png,275.jpg,psnr,higher,24.64965968,23.95653492,0.69312476,0.69312476,improved
2000,E2_minus_B0,E2,B0,00031.png,284.jpg,psnr,higher,34.86383222,32.30494279,2.55888943,2.55888943,improved
2000,E2_minus_B0,E2,B0,00032.png,293.jpg,psnr,higher,33.33746023,33.01933384,0.31812639,0.31812639,improved
2000,E2_minus_B0,E2,B0,00033.png,302.jpg,psnr,higher,30.07011151,28.59317218,1.47693933,1.47693933,improved
2000,E2_minus_B0,E2,B0,00000.png,001.jpg,ssim,higher,0.96732074,0.96629339,0.00102735,0.00102735,improved
2000,E2_minus_B0,E2,B0,00001.png,010.jpg,ssim,higher,0.95782697,0.95871902,-0.00089205,-0.00089205,regressed
2000,E2_minus_B0,E2,B0,00002.png,019.jpg,ssim,higher,0.89704502,0.89821452,-0.00116950,-0.00116950,regressed
2000,E2_minus_B0,E2,B0,00003.png,028.jpg,ssim,higher,0.93355614,0.92331266,0.01024348,0.01024348,improved
2000,E2_minus_B0,E2,B0,00004.png,037.jpg,ssim,higher,0.94178104,0.86830479,0.07347625,0.07347625,improved
2000,E2_minus_B0,E2,B0,00005.png,046.jpg,ssim,higher,0.94536859,0.95108306,-0.00571447,-0.00571447,regressed
2000,E2_minus_B0,E2,B0,00006.png,055.jpg,ssim,higher,0.95294458,0.95216703,0.00077755,0.00077755,improved
2000,E2_minus_B0,E2,B0,00007.png,065.jpg,ssim,higher,0.94965547,0.94942170,0.00023377,0.00023377,improved
2000,E2_minus_B0,E2,B0,00008.png,074.jpg,ssim,higher,0.95618469,0.95797443,-0.00178974,-0.00178974,regressed
2000,E2_minus_B0,E2,B0,00009.png,083.jpg,ssim,higher,0.94651151,0.94330746,0.00320405,0.00320405,improved
2000,E2_minus_B0,E2,B0,00010.png,092.jpg,ssim,higher,0.92264986,0.94772291,-0.02507305,-0.02507305,regressed
2000,E2_minus_B0,E2,B0,00011.png,101.jpg,ssim,higher,0.95214409,0.95502776,-0.00288367,-0.00288367,regressed
2000,E2_minus_B0,E2,B0,00012.png,110.jpg,ssim,higher,0.94867527,0.95122397,-0.00254870,-0.00254870,regressed
2000,E2_minus_B0,E2,B0,00013.png,119.jpg,ssim,higher,0.95673442,0.95661342,0.00012100,0.00012100,improved
2000,E2_minus_B0,E2,B0,00014.png,129.jpg,ssim,higher,0.96687245,0.96769804,-0.00082559,-0.00082559,regressed
2000,E2_minus_B0,E2,B0,00015.png,138.jpg,ssim,higher,0.95501316,0.95613217,-0.00111901,-0.00111901,regressed
2000,E2_minus_B0,E2,B0,00016.png,147.jpg,ssim,higher,0.95590210,0.95696414,-0.00106204,-0.00106204,regressed
2000,E2_minus_B0,E2,B0,00017.png,156.jpg,ssim,higher,0.94188130,0.94078243,0.00109887,0.00109887,improved
2000,E2_minus_B0,E2,B0,00018.png,165.jpg,ssim,higher,0.93825638,0.94232148,-0.00406510,-0.00406510,regressed
2000,E2_minus_B0,E2,B0,00019.png,174.jpg,ssim,higher,0.96096528,0.96194667,-0.00098139,-0.00098139,regressed
2000,E2_minus_B0,E2,B0,00020.png,183.jpg,ssim,higher,0.95350742,0.95446378,-0.00095636,-0.00095636,regressed
2000,E2_minus_B0,E2,B0,00021.png,193.jpg,ssim,higher,0.94878852,0.94175875,0.00702977,0.00702977,improved
2000,E2_minus_B0,E2,B0,00022.png,202.jpg,ssim,higher,0.95688385,0.95730901,-0.00042516,-0.00042516,regressed
2000,E2_minus_B0,E2,B0,00023.png,211.jpg,ssim,higher,0.94323802,0.94343829,-0.00020027,-0.00020027,regressed
2000,E2_minus_B0,E2,B0,00024.png,220.jpg,ssim,higher,0.93547726,0.93476504,0.00071222,0.00071222,improved
2000,E2_minus_B0,E2,B0,00025.png,229.jpg,ssim,higher,0.93333757,0.93382883,-0.00049126,-0.00049126,regressed
2000,E2_minus_B0,E2,B0,00026.png,238.jpg,ssim,higher,0.93804616,0.93726200,0.00078416,0.00078416,improved
2000,E2_minus_B0,E2,B0,00027.png,247.jpg,ssim,higher,0.93983257,0.93952179,0.00031078,0.00031078,improved
2000,E2_minus_B0,E2,B0,00028.png,257.jpg,ssim,higher,0.93505847,0.93569762,-0.00063915,-0.00063915,regressed
2000,E2_minus_B0,E2,B0,00029.png,266.jpg,ssim,higher,0.90293878,0.90251404,0.00042474,0.00042474,improved
2000,E2_minus_B0,E2,B0,00030.png,275.jpg,ssim,higher,0.92049223,0.91791785,0.00257438,0.00257438,improved
2000,E2_minus_B0,E2,B0,00031.png,284.jpg,ssim,higher,0.95585555,0.95534164,0.00051391,0.00051391,improved
2000,E2_minus_B0,E2,B0,00032.png,293.jpg,ssim,higher,0.95837593,0.95723444,0.00114149,0.00114149,improved
2000,E2_minus_B0,E2,B0,00033.png,302.jpg,ssim,higher,0.95058763,0.94692242,0.00366521,0.00366521,improved
2000,E2_minus_B0,E2,B0,00000.png,001.jpg,t_mae,lower,0.01209764,0.01520902,-0.00311138,0.00311138,improved
2000,E2_minus_B0,E2,B0,00001.png,010.jpg,t_mae,lower,0.01645491,0.01315079,0.00330412,-0.00330412,regressed
2000,E2_minus_B0,E2,B0,00002.png,019.jpg,t_mae,lower,0.06939192,0.06022701,0.00916491,-0.00916491,regressed
2000,E2_minus_B0,E2,B0,00003.png,028.jpg,t_mae,lower,0.03722920,0.05448426,-0.01725506,0.01725506,improved
2000,E2_minus_B0,E2,B0,00004.png,037.jpg,t_mae,lower,0.02195468,0.11486190,-0.09290722,0.09290722,improved
2000,E2_minus_B0,E2,B0,00005.png,046.jpg,t_mae,lower,0.04545341,0.01864096,0.02681245,-0.02681245,regressed
2000,E2_minus_B0,E2,B0,00006.png,055.jpg,t_mae,lower,0.02252590,0.02170792,0.00081798,-0.00081798,regressed
2000,E2_minus_B0,E2,B0,00007.png,065.jpg,t_mae,lower,0.02903209,0.03246913,-0.00343704,0.00343704,improved
2000,E2_minus_B0,E2,B0,00008.png,074.jpg,t_mae,lower,0.01698221,0.01540812,0.00157409,-0.00157409,regressed
2000,E2_minus_B0,E2,B0,00009.png,083.jpg,t_mae,lower,0.03324670,0.04541896,-0.01217226,0.01217226,improved
2000,E2_minus_B0,E2,B0,00010.png,092.jpg,t_mae,lower,0.07131940,0.02376210,0.04755730,-0.04755730,regressed
2000,E2_minus_B0,E2,B0,00011.png,101.jpg,t_mae,lower,0.02191340,0.01727006,0.00464334,-0.00464334,regressed
2000,E2_minus_B0,E2,B0,00012.png,110.jpg,t_mae,lower,0.02867021,0.02671712,0.00195309,-0.00195309,regressed
2000,E2_minus_B0,E2,B0,00013.png,119.jpg,t_mae,lower,0.01486766,0.01683324,-0.00196558,0.00196558,improved
2000,E2_minus_B0,E2,B0,00014.png,129.jpg,t_mae,lower,0.01686363,0.01337142,0.00349221,-0.00349221,regressed
2000,E2_minus_B0,E2,B0,00015.png,138.jpg,t_mae,lower,0.01936858,0.01325225,0.00611633,-0.00611633,regressed
2000,E2_minus_B0,E2,B0,00016.png,147.jpg,t_mae,lower,0.01806291,0.01475193,0.00331098,-0.00331098,regressed
2000,E2_minus_B0,E2,B0,00017.png,156.jpg,t_mae,lower,0.04269998,0.04372624,-0.00102626,0.00102626,improved
2000,E2_minus_B0,E2,B0,00018.png,165.jpg,t_mae,lower,0.04124581,0.03776120,0.00348461,-0.00348461,regressed
2000,E2_minus_B0,E2,B0,00019.png,174.jpg,t_mae,lower,0.01371753,0.01554350,-0.00182597,0.00182597,improved
2000,E2_minus_B0,E2,B0,00020.png,183.jpg,t_mae,lower,0.02251359,0.01952121,0.00299238,-0.00299238,regressed
2000,E2_minus_B0,E2,B0,00021.png,193.jpg,t_mae,lower,0.02331795,0.03020722,-0.00688927,0.00688927,improved
2000,E2_minus_B0,E2,B0,00022.png,202.jpg,t_mae,lower,0.01732969,0.01728322,0.00004647,-0.00004647,regressed
2000,E2_minus_B0,E2,B0,00023.png,211.jpg,t_mae,lower,0.01692642,0.01932783,-0.00240141,0.00240141,improved
2000,E2_minus_B0,E2,B0,00024.png,220.jpg,t_mae,lower,0.01742918,0.01916212,-0.00173294,0.00173294,improved
2000,E2_minus_B0,E2,B0,00025.png,229.jpg,t_mae,lower,0.01782997,0.02015904,-0.00232907,0.00232907,improved
2000,E2_minus_B0,E2,B0,00026.png,238.jpg,t_mae,lower,0.01981338,0.02284094,-0.00302756,0.00302756,improved
2000,E2_minus_B0,E2,B0,00027.png,247.jpg,t_mae,lower,0.01860054,0.01857438,0.00002616,-0.00002616,regressed
2000,E2_minus_B0,E2,B0,00028.png,257.jpg,t_mae,lower,0.02613853,0.02248365,0.00365488,-0.00365488,regressed
2000,E2_minus_B0,E2,B0,00029.png,266.jpg,t_mae,lower,0.04711309,0.04638312,0.00072997,-0.00072997,regressed
2000,E2_minus_B0,E2,B0,00030.png,275.jpg,t_mae,lower,0.04343317,0.04572432,-0.00229115,0.00229115,improved
2000,E2_minus_B0,E2,B0,00031.png,284.jpg,t_mae,lower,0.01278139,0.01837373,-0.00559234,0.00559234,improved
2000,E2_minus_B0,E2,B0,00032.png,293.jpg,t_mae,lower,0.01668480,0.01657262,0.00011218,-0.00011218,regressed
2000,E2_minus_B0,E2,B0,00033.png,302.jpg,t_mae,lower,0.02320287,0.02955510,-0.00635223,0.00635223,improved
2000,E2_minus_B0,E2,B0,00000.png,001.jpg,e_mae,lower,0.00572451,0.00571185,0.00001266,-0.00001266,regressed
2000,E2_minus_B0,E2,B0,00001.png,010.jpg,e_mae,lower,0.00607209,0.00604631,0.00002578,-0.00002578,regressed
2000,E2_minus_B0,E2,B0,00002.png,019.jpg,e_mae,lower,0.00867100,0.00904829,-0.00037729,0.00037729,improved
2000,E2_minus_B0,E2,B0,00003.png,028.jpg,e_mae,lower,0.00821923,0.00852169,-0.00030246,0.00030246,improved
2000,E2_minus_B0,E2,B0,00004.png,037.jpg,e_mae,lower,0.00704810,0.00786997,-0.00082187,0.00082187,improved
2000,E2_minus_B0,E2,B0,00005.png,046.jpg,e_mae,lower,0.00750865,0.00699401,0.00051464,-0.00051464,regressed
2000,E2_minus_B0,E2,B0,00006.png,055.jpg,e_mae,lower,0.00638722,0.00631006,0.00007716,-0.00007716,regressed
2000,E2_minus_B0,E2,B0,00007.png,065.jpg,e_mae,lower,0.00644370,0.00639292,0.00005078,-0.00005078,regressed
2000,E2_minus_B0,E2,B0,00008.png,074.jpg,e_mae,lower,0.00593114,0.00591031,0.00002083,-0.00002083,regressed
2000,E2_minus_B0,E2,B0,00009.png,083.jpg,e_mae,lower,0.00605089,0.00588168,0.00016921,-0.00016921,regressed
2000,E2_minus_B0,E2,B0,00010.png,092.jpg,e_mae,lower,0.00824377,0.00638138,0.00186239,-0.00186239,regressed
2000,E2_minus_B0,E2,B0,00011.png,101.jpg,e_mae,lower,0.00662470,0.00679794,-0.00017324,0.00017324,improved
2000,E2_minus_B0,E2,B0,00012.png,110.jpg,e_mae,lower,0.00722919,0.00705939,0.00016980,-0.00016980,regressed
2000,E2_minus_B0,E2,B0,00013.png,119.jpg,e_mae,lower,0.00662030,0.00661194,0.00000836,-0.00000836,regressed
2000,E2_minus_B0,E2,B0,00014.png,129.jpg,e_mae,lower,0.00587771,0.00577274,0.00010497,-0.00010497,regressed
2000,E2_minus_B0,E2,B0,00015.png,138.jpg,e_mae,lower,0.00666437,0.00667775,-0.00001338,0.00001338,improved
2000,E2_minus_B0,E2,B0,00016.png,147.jpg,e_mae,lower,0.00644481,0.00640265,0.00004216,-0.00004216,regressed
2000,E2_minus_B0,E2,B0,00017.png,156.jpg,e_mae,lower,0.00741387,0.00743076,-0.00001689,0.00001689,improved
2000,E2_minus_B0,E2,B0,00018.png,165.jpg,e_mae,lower,0.00578075,0.00578223,-0.00000148,0.00000148,improved
2000,E2_minus_B0,E2,B0,00019.png,174.jpg,e_mae,lower,0.00527799,0.00531500,-0.00003701,0.00003701,improved
2000,E2_minus_B0,E2,B0,00020.png,183.jpg,e_mae,lower,0.00572666,0.00573037,-0.00000371,0.00000371,improved
2000,E2_minus_B0,E2,B0,00021.png,193.jpg,e_mae,lower,0.00640878,0.00628193,0.00012685,-0.00012685,regressed
2000,E2_minus_B0,E2,B0,00022.png,202.jpg,e_mae,lower,0.00495709,0.00500387,-0.00004678,0.00004678,improved
2000,E2_minus_B0,E2,B0,00023.png,211.jpg,e_mae,lower,0.00698917,0.00694807,0.00004110,-0.00004110,regressed
2000,E2_minus_B0,E2,B0,00024.png,220.jpg,e_mae,lower,0.00760861,0.00758761,0.00002100,-0.00002100,regressed
2000,E2_minus_B0,E2,B0,00025.png,229.jpg,e_mae,lower,0.00834749,0.00820445,0.00014304,-0.00014304,regressed
2000,E2_minus_B0,E2,B0,00026.png,238.jpg,e_mae,lower,0.00863883,0.00865199,-0.00001316,0.00001316,improved
2000,E2_minus_B0,E2,B0,00027.png,247.jpg,e_mae,lower,0.00723875,0.00722582,0.00001293,-0.00001293,regressed
2000,E2_minus_B0,E2,B0,00028.png,257.jpg,e_mae,lower,0.00773814,0.00785187,-0.00011373,0.00011373,improved
2000,E2_minus_B0,E2,B0,00029.png,266.jpg,e_mae,lower,0.00804714,0.00840190,-0.00035476,0.00035476,improved
2000,E2_minus_B0,E2,B0,00030.png,275.jpg,e_mae,lower,0.00603659,0.00602879,0.00000780,-0.00000780,regressed
2000,E2_minus_B0,E2,B0,00031.png,284.jpg,e_mae,lower,0.00553284,0.00550986,0.00002298,-0.00002298,regressed
2000,E2_minus_B0,E2,B0,00032.png,293.jpg,e_mae,lower,0.00578708,0.00582966,-0.00004258,0.00004258,improved
2000,E2_minus_B0,E2,B0,00033.png,302.jpg,e_mae,lower,0.00651266,0.00653724,-0.00002458,0.00002458,improved
2000,E2_minus_B0,E2,B0,00000.png,001.jpg,gradient_preservation,higher,0.57718557,0.56511658,0.01206899,0.01206899,improved
2000,E2_minus_B0,E2,B0,00001.png,010.jpg,gradient_preservation,higher,0.52257299,0.50831157,0.01426142,0.01426142,improved
2000,E2_minus_B0,E2,B0,00002.png,019.jpg,gradient_preservation,higher,0.54496682,0.51382178,0.03114504,0.03114504,improved
2000,E2_minus_B0,E2,B0,00003.png,028.jpg,gradient_preservation,higher,0.51627266,0.44442725,0.07184541,0.07184541,improved
2000,E2_minus_B0,E2,B0,00004.png,037.jpg,gradient_preservation,higher,0.54144114,0.51111794,0.03032320,0.03032320,improved
2000,E2_minus_B0,E2,B0,00005.png,046.jpg,gradient_preservation,higher,0.51060498,0.54377353,-0.03316855,-0.03316855,regressed
2000,E2_minus_B0,E2,B0,00006.png,055.jpg,gradient_preservation,higher,0.53992474,0.55976319,-0.01983845,-0.01983845,regressed
2000,E2_minus_B0,E2,B0,00007.png,065.jpg,gradient_preservation,higher,0.52846831,0.53898740,-0.01051909,-0.01051909,regressed
2000,E2_minus_B0,E2,B0,00008.png,074.jpg,gradient_preservation,higher,0.53004962,0.50101310,0.02903652,0.02903652,improved
2000,E2_minus_B0,E2,B0,00009.png,083.jpg,gradient_preservation,higher,0.62118942,0.58223259,0.03895683,0.03895683,improved
2000,E2_minus_B0,E2,B0,00010.png,092.jpg,gradient_preservation,higher,0.49955335,0.55498636,-0.05543301,-0.05543301,regressed
2000,E2_minus_B0,E2,B0,00011.png,101.jpg,gradient_preservation,higher,0.56171101,0.52597511,0.03573590,0.03573590,improved
2000,E2_minus_B0,E2,B0,00012.png,110.jpg,gradient_preservation,higher,0.55556911,0.52118433,0.03438478,0.03438478,improved
2000,E2_minus_B0,E2,B0,00013.png,119.jpg,gradient_preservation,higher,0.53482842,0.52149242,0.01333600,0.01333600,improved
2000,E2_minus_B0,E2,B0,00014.png,129.jpg,gradient_preservation,higher,0.55865353,0.57150584,-0.01285231,-0.01285231,regressed
2000,E2_minus_B0,E2,B0,00015.png,138.jpg,gradient_preservation,higher,0.49420896,0.47743747,0.01677149,0.01677149,improved
2000,E2_minus_B0,E2,B0,00016.png,147.jpg,gradient_preservation,higher,0.48501158,0.48973724,-0.00472566,-0.00472566,regressed
2000,E2_minus_B0,E2,B0,00017.png,156.jpg,gradient_preservation,higher,0.53035134,0.52601403,0.00433731,0.00433731,improved
2000,E2_minus_B0,E2,B0,00018.png,165.jpg,gradient_preservation,higher,0.54874462,0.54971457,-0.00096995,-0.00096995,regressed
2000,E2_minus_B0,E2,B0,00019.png,174.jpg,gradient_preservation,higher,0.51808310,0.51388848,0.00419462,0.00419462,improved
2000,E2_minus_B0,E2,B0,00020.png,183.jpg,gradient_preservation,higher,0.51310164,0.52847147,-0.01536983,-0.01536983,regressed
2000,E2_minus_B0,E2,B0,00021.png,193.jpg,gradient_preservation,higher,0.54027712,0.55540216,-0.01512504,-0.01512504,regressed
2000,E2_minus_B0,E2,B0,00022.png,202.jpg,gradient_preservation,higher,0.55184960,0.54092455,0.01092505,0.01092505,improved
2000,E2_minus_B0,E2,B0,00023.png,211.jpg,gradient_preservation,higher,0.59356797,0.58214134,0.01142663,0.01142663,improved
2000,E2_minus_B0,E2,B0,00024.png,220.jpg,gradient_preservation,higher,0.57678056,0.57299799,0.00378257,0.00378257,improved
2000,E2_minus_B0,E2,B0,00025.png,229.jpg,gradient_preservation,higher,0.59590667,0.60196650,-0.00605983,-0.00605983,regressed
2000,E2_minus_B0,E2,B0,00026.png,238.jpg,gradient_preservation,higher,0.60190046,0.59458709,0.00731337,0.00731337,improved
2000,E2_minus_B0,E2,B0,00027.png,247.jpg,gradient_preservation,higher,0.58674550,0.58684063,-0.00009513,-0.00009513,regressed
2000,E2_minus_B0,E2,B0,00028.png,257.jpg,gradient_preservation,higher,0.56386304,0.58351541,-0.01965237,-0.01965237,regressed
2000,E2_minus_B0,E2,B0,00029.png,266.jpg,gradient_preservation,higher,0.57798296,0.59426254,-0.01627958,-0.01627958,regressed
2000,E2_minus_B0,E2,B0,00030.png,275.jpg,gradient_preservation,higher,0.46601695,0.46559247,0.00042448,0.00042448,improved
2000,E2_minus_B0,E2,B0,00031.png,284.jpg,gradient_preservation,higher,0.49805629,0.51147127,-0.01341498,-0.01341498,regressed
2000,E2_minus_B0,E2,B0,00032.png,293.jpg,gradient_preservation,higher,0.51623833,0.52458352,-0.00834519,-0.00834519,regressed
2000,E2_minus_B0,E2,B0,00033.png,302.jpg,gradient_preservation,higher,0.51947594,0.51414567,0.00533027,0.00533027,improved
2000,E2_no_filter_minus_B0,E2_no_filter,B0,00000.png,001.jpg,psnr,higher,34.33309843,33.74728183,0.58581660,0.58581660,improved
2000,E2_no_filter_minus_B0,E2_no_filter,B0,00001.png,010.jpg,psnr,higher,34.35532461,34.64711638,-0.29179177,-0.29179177,regressed
2000,E2_no_filter_minus_B0,E2_no_filter,B0,00002.png,019.jpg,psnr,higher,20.34460922,21.38395915,-1.03934993,-1.03934993,regressed
2000,E2_no_filter_minus_B0,E2_no_filter,B0,00003.png,028.jpg,psnr,higher,24.02308248,21.29753159,2.72555089,2.72555089,improved
2000,E2_no_filter_minus_B0,E2_no_filter,B0,00004.png,037.jpg,psnr,higher,16.32476986,15.90084329,0.42392657,0.42392657,improved
2000,E2_no_filter_minus_B0,E2_no_filter,B0,00005.png,046.jpg,psnr,higher,31.27923697,31.60303772,-0.32380075,-0.32380075,regressed
2000,E2_no_filter_minus_B0,E2_no_filter,B0,00006.png,055.jpg,psnr,higher,28.70174425,30.37863838,-1.67689413,-1.67689413,regressed
2000,E2_no_filter_minus_B0,E2_no_filter,B0,00007.png,065.jpg,psnr,higher,30.48362289,28.00302515,2.48059774,2.48059774,improved
2000,E2_no_filter_minus_B0,E2_no_filter,B0,00008.png,074.jpg,psnr,higher,32.35929827,33.48898209,-1.12968382,-1.12968382,regressed
2000,E2_no_filter_minus_B0,E2_no_filter,B0,00009.png,083.jpg,psnr,higher,22.79135382,23.48442187,-0.69306805,-0.69306805,regressed
2000,E2_no_filter_minus_B0,E2_no_filter,B0,00010.png,092.jpg,psnr,higher,30.24861835,29.28811361,0.96050474,0.96050474,improved
2000,E2_no_filter_minus_B0,E2_no_filter,B0,00011.png,101.jpg,psnr,higher,35.24034681,32.80631589,2.43403092,2.43403092,improved
2000,E2_no_filter_minus_B0,E2_no_filter,B0,00012.png,110.jpg,psnr,higher,27.31782560,28.87338172,-1.55555612,-1.55555612,regressed
2000,E2_no_filter_minus_B0,E2_no_filter,B0,00013.png,119.jpg,psnr,higher,27.43415274,33.23979812,-5.80564538,-5.80564538,regressed
2000,E2_no_filter_minus_B0,E2_no_filter,B0,00014.png,129.jpg,psnr,higher,33.94978844,34.40919358,-0.45940514,-0.45940514,regressed
2000,E2_no_filter_minus_B0,E2_no_filter,B0,00015.png,138.jpg,psnr,higher,33.53293601,34.07805195,-0.54511594,-0.54511594,regressed
2000,E2_no_filter_minus_B0,E2_no_filter,B0,00016.png,147.jpg,psnr,higher,33.33465038,33.57479459,-0.24014421,-0.24014421,regressed
2000,E2_no_filter_minus_B0,E2_no_filter,B0,00017.png,156.jpg,psnr,higher,26.17859167,25.66129143,0.51730024,0.51730024,improved
2000,E2_no_filter_minus_B0,E2_no_filter,B0,00018.png,165.jpg,psnr,higher,25.12627030,25.28334051,-0.15707021,-0.15707021,regressed
2000,E2_no_filter_minus_B0,E2_no_filter,B0,00019.png,174.jpg,psnr,higher,34.97722467,34.05489566,0.92232901,0.92232901,improved
2000,E2_no_filter_minus_B0,E2_no_filter,B0,00020.png,183.jpg,psnr,higher,32.50729373,31.96679509,0.54049864,0.54049864,improved
2000,E2_no_filter_minus_B0,E2_no_filter,B0,00021.png,193.jpg,psnr,higher,28.87484313,28.15585736,0.71898577,0.71898577,improved
2000,E2_no_filter_minus_B0,E2_no_filter,B0,00022.png,202.jpg,psnr,higher,32.83448975,33.32888651,-0.49439676,-0.49439676,regressed
2000,E2_no_filter_minus_B0,E2_no_filter,B0,00023.png,211.jpg,psnr,higher,31.01429950,30.64829508,0.36600442,0.36600442,improved
2000,E2_no_filter_minus_B0,E2_no_filter,B0,00024.png,220.jpg,psnr,higher,31.47995704,31.02599926,0.45395778,0.45395778,improved
2000,E2_no_filter_minus_B0,E2_no_filter,B0,00025.png,229.jpg,psnr,higher,31.54364149,31.44448628,0.09915521,0.09915521,improved
2000,E2_no_filter_minus_B0,E2_no_filter,B0,00026.png,238.jpg,psnr,higher,31.11392241,30.34096395,0.77295846,0.77295846,improved
2000,E2_no_filter_minus_B0,E2_no_filter,B0,00027.png,247.jpg,psnr,higher,32.26447187,31.72717072,0.53730115,0.53730115,improved
2000,E2_no_filter_minus_B0,E2_no_filter,B0,00028.png,257.jpg,psnr,higher,30.26490679,29.55962078,0.70528601,0.70528601,improved
2000,E2_no_filter_minus_B0,E2_no_filter,B0,00029.png,266.jpg,psnr,higher,24.55123614,23.94285465,0.60838149,0.60838149,improved
2000,E2_no_filter_minus_B0,E2_no_filter,B0,00030.png,275.jpg,psnr,higher,23.69009983,23.95653492,-0.26643509,-0.26643509,regressed
2000,E2_no_filter_minus_B0,E2_no_filter,B0,00031.png,284.jpg,psnr,higher,33.33356638,32.30494279,1.02862359,1.02862359,improved
2000,E2_no_filter_minus_B0,E2_no_filter,B0,00032.png,293.jpg,psnr,higher,32.30831712,33.01933384,-0.71101672,-0.71101672,regressed
2000,E2_no_filter_minus_B0,E2_no_filter,B0,00033.png,302.jpg,psnr,higher,28.64305336,28.59317218,0.04988118,0.04988118,improved
2000,E2_no_filter_minus_B0,E2_no_filter,B0,00000.png,001.jpg,ssim,higher,0.96712673,0.96629339,0.00083334,0.00083334,improved
2000,E2_no_filter_minus_B0,E2_no_filter,B0,00001.png,010.jpg,ssim,higher,0.95858848,0.95871902,-0.00013054,-0.00013054,regressed
2000,E2_no_filter_minus_B0,E2_no_filter,B0,00002.png,019.jpg,ssim,higher,0.89160657,0.89821452,-0.00660795,-0.00660795,regressed
2000,E2_no_filter_minus_B0,E2_no_filter,B0,00003.png,028.jpg,ssim,higher,0.92181808,0.92331266,-0.00149458,-0.00149458,regressed
2000,E2_no_filter_minus_B0,E2_no_filter,B0,00004.png,037.jpg,ssim,higher,0.86052144,0.86830479,-0.00778335,-0.00778335,regressed
2000,E2_no_filter_minus_B0,E2_no_filter,B0,00005.png,046.jpg,ssim,higher,0.95177752,0.95108306,0.00069446,0.00069446,improved
2000,E2_no_filter_minus_B0,E2_no_filter,B0,00006.png,055.jpg,ssim,higher,0.95157325,0.95216703,-0.00059378,-0.00059378,regressed
2000,E2_no_filter_minus_B0,E2_no_filter,B0,00007.png,065.jpg,ssim,higher,0.95249397,0.94942170,0.00307227,0.00307227,improved
2000,E2_no_filter_minus_B0,E2_no_filter,B0,00008.png,074.jpg,ssim,higher,0.95702857,0.95797443,-0.00094586,-0.00094586,regressed
2000,E2_no_filter_minus_B0,E2_no_filter,B0,00009.png,083.jpg,ssim,higher,0.93835187,0.94330746,-0.00495559,-0.00495559,regressed
2000,E2_no_filter_minus_B0,E2_no_filter,B0,00010.png,092.jpg,ssim,higher,0.95517743,0.94772291,0.00745452,0.00745452,improved
2000,E2_no_filter_minus_B0,E2_no_filter,B0,00011.png,101.jpg,ssim,higher,0.95768875,0.95502776,0.00266099,0.00266099,improved
2000,E2_no_filter_minus_B0,E2_no_filter,B0,00012.png,110.jpg,ssim,higher,0.94972461,0.95122397,-0.00149936,-0.00149936,regressed
2000,E2_no_filter_minus_B0,E2_no_filter,B0,00013.png,119.jpg,ssim,higher,0.95167863,0.95661342,-0.00493479,-0.00493479,regressed
2000,E2_no_filter_minus_B0,E2_no_filter,B0,00014.png,129.jpg,ssim,higher,0.96746337,0.96769804,-0.00023467,-0.00023467,regressed
2000,E2_no_filter_minus_B0,E2_no_filter,B0,00015.png,138.jpg,ssim,higher,0.95509857,0.95613217,-0.00103360,-0.00103360,regressed
2000,E2_no_filter_minus_B0,E2_no_filter,B0,00016.png,147.jpg,ssim,higher,0.95627910,0.95696414,-0.00068504,-0.00068504,regressed
2000,E2_no_filter_minus_B0,E2_no_filter,B0,00017.png,156.jpg,ssim,higher,0.94273198,0.94078243,0.00194955,0.00194955,improved
2000,E2_no_filter_minus_B0,E2_no_filter,B0,00018.png,165.jpg,ssim,higher,0.94176197,0.94232148,-0.00055951,-0.00055951,regressed
2000,E2_no_filter_minus_B0,E2_no_filter,B0,00019.png,174.jpg,ssim,higher,0.96209377,0.96194667,0.00014710,0.00014710,improved
2000,E2_no_filter_minus_B0,E2_no_filter,B0,00020.png,183.jpg,ssim,higher,0.95577842,0.95446378,0.00131464,0.00131464,improved
2000,E2_no_filter_minus_B0,E2_no_filter,B0,00021.png,193.jpg,ssim,higher,0.94763017,0.94175875,0.00587142,0.00587142,improved
2000,E2_no_filter_minus_B0,E2_no_filter,B0,00022.png,202.jpg,ssim,higher,0.95725870,0.95730901,-0.00005031,-0.00005031,regressed
2000,E2_no_filter_minus_B0,E2_no_filter,B0,00023.png,211.jpg,ssim,higher,0.94429141,0.94343829,0.00085312,0.00085312,improved
2000,E2_no_filter_minus_B0,E2_no_filter,B0,00024.png,220.jpg,ssim,higher,0.93497276,0.93476504,0.00020772,0.00020772,improved
2000,E2_no_filter_minus_B0,E2_no_filter,B0,00025.png,229.jpg,ssim,higher,0.93338120,0.93382883,-0.00044763,-0.00044763,regressed
2000,E2_no_filter_minus_B0,E2_no_filter,B0,00026.png,238.jpg,ssim,higher,0.93891746,0.93726200,0.00165546,0.00165546,improved
2000,E2_no_filter_minus_B0,E2_no_filter,B0,00027.png,247.jpg,ssim,higher,0.94097769,0.93952179,0.00145590,0.00145590,improved
2000,E2_no_filter_minus_B0,E2_no_filter,B0,00028.png,257.jpg,ssim,higher,0.93857807,0.93569762,0.00288045,0.00288045,improved
2000,E2_no_filter_minus_B0,E2_no_filter,B0,00029.png,266.jpg,ssim,higher,0.90971792,0.90251404,0.00720388,0.00720388,improved
2000,E2_no_filter_minus_B0,E2_no_filter,B0,00030.png,275.jpg,ssim,higher,0.91594976,0.91791785,-0.00196809,-0.00196809,regressed
2000,E2_no_filter_minus_B0,E2_no_filter,B0,00031.png,284.jpg,ssim,higher,0.95517576,0.95534164,-0.00016588,-0.00016588,regressed
2000,E2_no_filter_minus_B0,E2_no_filter,B0,00032.png,293.jpg,ssim,higher,0.95698142,0.95723444,-0.00025302,-0.00025302,regressed
2000,E2_no_filter_minus_B0,E2_no_filter,B0,00033.png,302.jpg,ssim,higher,0.94756949,0.94692242,0.00064707,0.00064707,improved
2000,E2_no_filter_minus_B0,E2_no_filter,B0,00000.png,001.jpg,t_mae,lower,0.01426705,0.01520902,-0.00094197,0.00094197,improved
2000,E2_no_filter_minus_B0,E2_no_filter,B0,00001.png,010.jpg,t_mae,lower,0.01347763,0.01315079,0.00032684,-0.00032684,regressed
2000,E2_no_filter_minus_B0,E2_no_filter,B0,00002.png,019.jpg,t_mae,lower,0.07346231,0.06022701,0.01323530,-0.01323530,regressed
2000,E2_no_filter_minus_B0,E2_no_filter,B0,00003.png,028.jpg,t_mae,lower,0.04122332,0.05448426,-0.01326094,0.01326094,improved
2000,E2_no_filter_minus_B0,E2_no_filter,B0,00004.png,037.jpg,t_mae,lower,0.10870671,0.11486190,-0.00615519,0.00615519,improved
2000,E2_no_filter_minus_B0,E2_no_filter,B0,00005.png,046.jpg,t_mae,lower,0.02103788,0.01864096,0.00239692,-0.00239692,regressed
2000,E2_no_filter_minus_B0,E2_no_filter,B0,00006.png,055.jpg,t_mae,lower,0.02770295,0.02170792,0.00599503,-0.00599503,regressed
2000,E2_no_filter_minus_B0,E2_no_filter,B0,00007.png,065.jpg,t_mae,lower,0.02198084,0.03246913,-0.01048829,0.01048829,improved
2000,E2_no_filter_minus_B0,E2_no_filter,B0,00008.png,074.jpg,t_mae,lower,0.01764753,0.01540812,0.00223941,-0.00223941,regressed
2000,E2_no_filter_minus_B0,E2_no_filter,B0,00009.png,083.jpg,t_mae,lower,0.04225132,0.04541896,-0.00316764,0.00316764,improved
2000,E2_no_filter_minus_B0,E2_no_filter,B0,00010.png,092.jpg,t_mae,lower,0.02158992,0.02376210,-0.00217218,0.00217218,improved
2000,E2_no_filter_minus_B0,E2_no_filter,B0,00011.png,101.jpg,t_mae,lower,0.01228454,0.01727006,-0.00498552,0.00498552,improved
2000,E2_no_filter_minus_B0,E2_no_filter,B0,00012.png,110.jpg,t_mae,lower,0.03029562,0.02671712,0.00357850,-0.00357850,regressed
2000,E2_no_filter_minus_B0,E2_no_filter,B0,00013.png,119.jpg,t_mae,lower,0.03192482,0.01683324,0.01509158,-0.01509158,regressed
2000,E2_no_filter_minus_B0,E2_no_filter,B0,00014.png,129.jpg,t_mae,lower,0.01458864,0.01337142,0.00121722,-0.00121722,regressed
2000,E2_no_filter_minus_B0,E2_no_filter,B0,00015.png,138.jpg,t_mae,lower,0.01499561,0.01325225,0.00174336,-0.00174336,regressed
2000,E2_no_filter_minus_B0,E2_no_filter,B0,00016.png,147.jpg,t_mae,lower,0.01490432,0.01475193,0.00015239,-0.00015239,regressed
2000,E2_no_filter_minus_B0,E2_no_filter,B0,00017.png,156.jpg,t_mae,lower,0.04057669,0.04372624,-0.00314955,0.00314955,improved
2000,E2_no_filter_minus_B0,E2_no_filter,B0,00018.png,165.jpg,t_mae,lower,0.03888361,0.03776120,0.00112241,-0.00112241,regressed
2000,E2_no_filter_minus_B0,E2_no_filter,B0,00019.png,174.jpg,t_mae,lower,0.01313012,0.01554350,-0.00241338,0.00241338,improved
2000,E2_no_filter_minus_B0,E2_no_filter,B0,00020.png,183.jpg,t_mae,lower,0.01724641,0.01952121,-0.00227480,0.00227480,improved
2000,E2_no_filter_minus_B0,E2_no_filter,B0,00021.png,193.jpg,t_mae,lower,0.02684313,0.03020722,-0.00336409,0.00336409,improved
2000,E2_no_filter_minus_B0,E2_no_filter,B0,00022.png,202.jpg,t_mae,lower,0.01894663,0.01728322,0.00166341,-0.00166341,regressed
2000,E2_no_filter_minus_B0,E2_no_filter,B0,00023.png,211.jpg,t_mae,lower,0.01822801,0.01932783,-0.00109982,0.00109982,improved
2000,E2_no_filter_minus_B0,E2_no_filter,B0,00024.png,220.jpg,t_mae,lower,0.01834074,0.01916212,-0.00082138,0.00082138,improved
2000,E2_no_filter_minus_B0,E2_no_filter,B0,00025.png,229.jpg,t_mae,lower,0.01962970,0.02015904,-0.00052934,0.00052934,improved
2000,E2_no_filter_minus_B0,E2_no_filter,B0,00026.png,238.jpg,t_mae,lower,0.02014709,0.02284094,-0.00269385,0.00269385,improved
2000,E2_no_filter_minus_B0,E2_no_filter,B0,00027.png,247.jpg,t_mae,lower,0.01710509,0.01857438,-0.00146929,0.00146929,improved
2000,E2_no_filter_minus_B0,E2_no_filter,B0,00028.png,257.jpg,t_mae,lower,0.02123831,0.02248365,-0.00124534,0.00124534,improved
2000,E2_no_filter_minus_B0,E2_no_filter,B0,00029.png,266.jpg,t_mae,lower,0.04131425,0.04638312,-0.00506887,0.00506887,improved
2000,E2_no_filter_minus_B0,E2_no_filter,B0,00030.png,275.jpg,t_mae,lower,0.04727110,0.04572432,0.00154678,-0.00154678,regressed
2000,E2_no_filter_minus_B0,E2_no_filter,B0,00031.png,284.jpg,t_mae,lower,0.01592138,0.01837373,-0.00245235,0.00245235,improved
2000,E2_no_filter_minus_B0,E2_no_filter,B0,00032.png,293.jpg,t_mae,lower,0.01882092,0.01657262,0.00224830,-0.00224830,regressed
2000,E2_no_filter_minus_B0,E2_no_filter,B0,00033.png,302.jpg,t_mae,lower,0.02899400,0.02955510,-0.00056110,0.00056110,improved
2000,E2_no_filter_minus_B0,E2_no_filter,B0,00000.png,001.jpg,e_mae,lower,0.00556961,0.00571185,-0.00014224,0.00014224,improved
2000,E2_no_filter_minus_B0,E2_no_filter,B0,00001.png,010.jpg,e_mae,lower,0.00597403,0.00604631,-0.00007228,0.00007228,improved
2000,E2_no_filter_minus_B0,E2_no_filter,B0,00002.png,019.jpg,e_mae,lower,0.00917473,0.00904829,0.00012644,-0.00012644,regressed
2000,E2_no_filter_minus_B0,E2_no_filter,B0,00003.png,028.jpg,e_mae,lower,0.00848037,0.00852169,-0.00004132,0.00004132,improved
2000,E2_no_filter_minus_B0,E2_no_filter,B0,00004.png,037.jpg,e_mae,lower,0.00759154,0.00786997,-0.00027843,0.00027843,improved
2000,E2_no_filter_minus_B0,E2_no_filter,B0,00005.png,046.jpg,e_mae,lower,0.00684106,0.00699401,-0.00015295,0.00015295,improved
2000,E2_no_filter_minus_B0,E2_no_filter,B0,00006.png,055.jpg,e_mae,lower,0.00645840,0.00631006,0.00014834,-0.00014834,regressed
2000,E2_no_filter_minus_B0,E2_no_filter,B0,00007.png,065.jpg,e_mae,lower,0.00632408,0.00639292,-0.00006884,0.00006884,improved
2000,E2_no_filter_minus_B0,E2_no_filter,B0,00008.png,074.jpg,e_mae,lower,0.00588774,0.00591031,-0.00002257,0.00002257,improved
2000,E2_no_filter_minus_B0,E2_no_filter,B0,00009.png,083.jpg,e_mae,lower,0.00586719,0.00588168,-0.00001449,0.00001449,improved
2000,E2_no_filter_minus_B0,E2_no_filter,B0,00010.png,092.jpg,e_mae,lower,0.00644100,0.00638138,0.00005962,-0.00005962,regressed
2000,E2_no_filter_minus_B0,E2_no_filter,B0,00011.png,101.jpg,e_mae,lower,0.00650733,0.00679794,-0.00029061,0.00029061,improved
2000,E2_no_filter_minus_B0,E2_no_filter,B0,00012.png,110.jpg,e_mae,lower,0.00744018,0.00705939,0.00038079,-0.00038079,regressed
2000,E2_no_filter_minus_B0,E2_no_filter,B0,00013.png,119.jpg,e_mae,lower,0.00659633,0.00661194,-0.00001561,0.00001561,improved
2000,E2_no_filter_minus_B0,E2_no_filter,B0,00014.png,129.jpg,e_mae,lower,0.00566073,0.00577274,-0.00011201,0.00011201,improved
2000,E2_no_filter_minus_B0,E2_no_filter,B0,00015.png,138.jpg,e_mae,lower,0.00672605,0.00667775,0.00004830,-0.00004830,regressed
2000,E2_no_filter_minus_B0,E2_no_filter,B0,00016.png,147.jpg,e_mae,lower,0.00649554,0.00640265,0.00009289,-0.00009289,regressed
2000,E2_no_filter_minus_B0,E2_no_filter,B0,00017.png,156.jpg,e_mae,lower,0.00740124,0.00743076,-0.00002952,0.00002952,improved
2000,E2_no_filter_minus_B0,E2_no_filter,B0,00018.png,165.jpg,e_mae,lower,0.00574220,0.00578223,-0.00004003,0.00004003,improved
2000,E2_no_filter_minus_B0,E2_no_filter,B0,00019.png,174.jpg,e_mae,lower,0.00526982,0.00531500,-0.00004518,0.00004518,improved
2000,E2_no_filter_minus_B0,E2_no_filter,B0,00020.png,183.jpg,e_mae,lower,0.00568546,0.00573037,-0.00004491,0.00004491,improved
2000,E2_no_filter_minus_B0,E2_no_filter,B0,00021.png,193.jpg,e_mae,lower,0.00640609,0.00628193,0.00012416,-0.00012416,regressed
2000,E2_no_filter_minus_B0,E2_no_filter,B0,00022.png,202.jpg,e_mae,lower,0.00492048,0.00500387,-0.00008339,0.00008339,improved
2000,E2_no_filter_minus_B0,E2_no_filter,B0,00023.png,211.jpg,e_mae,lower,0.00691162,0.00694807,-0.00003645,0.00003645,improved
2000,E2_no_filter_minus_B0,E2_no_filter,B0,00024.png,220.jpg,e_mae,lower,0.00766008,0.00758761,0.00007247,-0.00007247,regressed
2000,E2_no_filter_minus_B0,E2_no_filter,B0,00025.png,229.jpg,e_mae,lower,0.00833817,0.00820445,0.00013372,-0.00013372,regressed
2000,E2_no_filter_minus_B0,E2_no_filter,B0,00026.png,238.jpg,e_mae,lower,0.00853961,0.00865199,-0.00011238,0.00011238,improved
2000,E2_no_filter_minus_B0,E2_no_filter,B0,00027.png,247.jpg,e_mae,lower,0.00720466,0.00722582,-0.00002116,0.00002116,improved
2000,E2_no_filter_minus_B0,E2_no_filter,B0,00028.png,257.jpg,e_mae,lower,0.00754369,0.00785187,-0.00030818,0.00030818,improved
2000,E2_no_filter_minus_B0,E2_no_filter,B0,00029.png,266.jpg,e_mae,lower,0.00817460,0.00840190,-0.00022730,0.00022730,improved
2000,E2_no_filter_minus_B0,E2_no_filter,B0,00030.png,275.jpg,e_mae,lower,0.00603234,0.00602879,0.00000355,-0.00000355,regressed
2000,E2_no_filter_minus_B0,E2_no_filter,B0,00031.png,284.jpg,e_mae,lower,0.00548454,0.00550986,-0.00002532,0.00002532,improved
2000,E2_no_filter_minus_B0,E2_no_filter,B0,00032.png,293.jpg,e_mae,lower,0.00580111,0.00582966,-0.00002855,0.00002855,improved
2000,E2_no_filter_minus_B0,E2_no_filter,B0,00033.png,302.jpg,e_mae,lower,0.00650100,0.00653724,-0.00003624,0.00003624,improved
2000,E2_no_filter_minus_B0,E2_no_filter,B0,00000.png,001.jpg,gradient_preservation,higher,0.57191384,0.56511658,0.00679726,0.00679726,improved
2000,E2_no_filter_minus_B0,E2_no_filter,B0,00001.png,010.jpg,gradient_preservation,higher,0.51700437,0.50831157,0.00869280,0.00869280,improved
2000,E2_no_filter_minus_B0,E2_no_filter,B0,00002.png,019.jpg,gradient_preservation,higher,0.54504871,0.51382178,0.03122693,0.03122693,improved
2000,E2_no_filter_minus_B0,E2_no_filter,B0,00003.png,028.jpg,gradient_preservation,higher,0.51453102,0.44442725,0.07010377,0.07010377,improved
2000,E2_no_filter_minus_B0,E2_no_filter,B0,00004.png,037.jpg,gradient_preservation,higher,0.52596319,0.51111794,0.01484525,0.01484525,improved
2000,E2_no_filter_minus_B0,E2_no_filter,B0,00005.png,046.jpg,gradient_preservation,higher,0.52538741,0.54377353,-0.01838612,-0.01838612,regressed
2000,E2_no_filter_minus_B0,E2_no_filter,B0,00006.png,055.jpg,gradient_preservation,higher,0.52682185,0.55976319,-0.03294134,-0.03294134,regressed
2000,E2_no_filter_minus_B0,E2_no_filter,B0,00007.png,065.jpg,gradient_preservation,higher,0.53027064,0.53898740,-0.00871676,-0.00871676,regressed
2000,E2_no_filter_minus_B0,E2_no_filter,B0,00008.png,074.jpg,gradient_preservation,higher,0.51621801,0.50101310,0.01520491,0.01520491,improved
2000,E2_no_filter_minus_B0,E2_no_filter,B0,00009.png,083.jpg,gradient_preservation,higher,0.60243249,0.58223259,0.02019990,0.02019990,improved
2000,E2_no_filter_minus_B0,E2_no_filter,B0,00010.png,092.jpg,gradient_preservation,higher,0.58748710,0.55498636,0.03250074,0.03250074,improved
2000,E2_no_filter_minus_B0,E2_no_filter,B0,00011.png,101.jpg,gradient_preservation,higher,0.51546788,0.52597511,-0.01050723,-0.01050723,regressed
2000,E2_no_filter_minus_B0,E2_no_filter,B0,00012.png,110.jpg,gradient_preservation,higher,0.51416302,0.52118433,-0.00702131,-0.00702131,regressed
2000,E2_no_filter_minus_B0,E2_no_filter,B0,00013.png,119.jpg,gradient_preservation,higher,0.51365769,0.52149242,-0.00783473,-0.00783473,regressed
2000,E2_no_filter_minus_B0,E2_no_filter,B0,00014.png,129.jpg,gradient_preservation,higher,0.57422972,0.57150584,0.00272388,0.00272388,improved
2000,E2_no_filter_minus_B0,E2_no_filter,B0,00015.png,138.jpg,gradient_preservation,higher,0.50261021,0.47743747,0.02517274,0.02517274,improved
2000,E2_no_filter_minus_B0,E2_no_filter,B0,00016.png,147.jpg,gradient_preservation,higher,0.48684266,0.48973724,-0.00289458,-0.00289458,regressed
2000,E2_no_filter_minus_B0,E2_no_filter,B0,00017.png,156.jpg,gradient_preservation,higher,0.52357191,0.52601403,-0.00244212,-0.00244212,regressed
2000,E2_no_filter_minus_B0,E2_no_filter,B0,00018.png,165.jpg,gradient_preservation,higher,0.53894860,0.54971457,-0.01076597,-0.01076597,regressed
2000,E2_no_filter_minus_B0,E2_no_filter,B0,00019.png,174.jpg,gradient_preservation,higher,0.51980269,0.51388848,0.00591421,0.00591421,improved
2000,E2_no_filter_minus_B0,E2_no_filter,B0,00020.png,183.jpg,gradient_preservation,higher,0.52207744,0.52847147,-0.00639403,-0.00639403,regressed
2000,E2_no_filter_minus_B0,E2_no_filter,B0,00021.png,193.jpg,gradient_preservation,higher,0.52774978,0.55540216,-0.02765238,-0.02765238,regressed
2000,E2_no_filter_minus_B0,E2_no_filter,B0,00022.png,202.jpg,gradient_preservation,higher,0.53445470,0.54092455,-0.00646985,-0.00646985,regressed
2000,E2_no_filter_minus_B0,E2_no_filter,B0,00023.png,211.jpg,gradient_preservation,higher,0.58491063,0.58214134,0.00276929,0.00276929,improved
2000,E2_no_filter_minus_B0,E2_no_filter,B0,00024.png,220.jpg,gradient_preservation,higher,0.56308734,0.57299799,-0.00991065,-0.00991065,regressed
2000,E2_no_filter_minus_B0,E2_no_filter,B0,00025.png,229.jpg,gradient_preservation,higher,0.59911519,0.60196650,-0.00285131,-0.00285131,regressed
2000,E2_no_filter_minus_B0,E2_no_filter,B0,00026.png,238.jpg,gradient_preservation,higher,0.60210204,0.59458709,0.00751495,0.00751495,improved
2000,E2_no_filter_minus_B0,E2_no_filter,B0,00027.png,247.jpg,gradient_preservation,higher,0.59260851,0.58684063,0.00576788,0.00576788,improved
2000,E2_no_filter_minus_B0,E2_no_filter,B0,00028.png,257.jpg,gradient_preservation,higher,0.58649117,0.58351541,0.00297576,0.00297576,improved
2000,E2_no_filter_minus_B0,E2_no_filter,B0,00029.png,266.jpg,gradient_preservation,higher,0.57441109,0.59426254,-0.01985145,-0.01985145,regressed
2000,E2_no_filter_minus_B0,E2_no_filter,B0,00030.png,275.jpg,gradient_preservation,higher,0.45986485,0.46559247,-0.00572762,-0.00572762,regressed
2000,E2_no_filter_minus_B0,E2_no_filter,B0,00031.png,284.jpg,gradient_preservation,higher,0.51309717,0.51147127,0.00162590,0.00162590,improved
2000,E2_no_filter_minus_B0,E2_no_filter,B0,00032.png,293.jpg,gradient_preservation,higher,0.51998925,0.52458352,-0.00459427,-0.00459427,regressed
2000,E2_no_filter_minus_B0,E2_no_filter,B0,00033.png,302.jpg,gradient_preservation,higher,0.51239514,0.51414567,-0.00175053,-0.00175053,regressed
7000,E2_minus_E2_no_filter,E2,E2_no_filter,00000.png,001.jpg,psnr,higher,36.82063510,35.13538750,1.68524760,1.68524760,improved
7000,E2_minus_E2_no_filter,E2,E2_no_filter,00001.png,010.jpg,psnr,higher,36.25548653,35.77200972,0.48347681,0.48347681,improved
7000,E2_minus_E2_no_filter,E2,E2_no_filter,00002.png,019.jpg,psnr,higher,20.35141160,19.10390759,1.24750401,1.24750401,improved
7000,E2_minus_E2_no_filter,E2,E2_no_filter,00003.png,028.jpg,psnr,higher,23.24719913,23.77747920,-0.53028007,-0.53028007,regressed
7000,E2_minus_E2_no_filter,E2,E2_no_filter,00004.png,037.jpg,psnr,higher,33.20999018,16.68462637,16.52536381,16.52536381,improved
7000,E2_minus_E2_no_filter,E2,E2_no_filter,00005.png,046.jpg,psnr,higher,27.40316168,30.13800374,-2.73484206,-2.73484206,regressed
7000,E2_minus_E2_no_filter,E2,E2_no_filter,00006.png,055.jpg,psnr,higher,30.97726775,25.39127227,5.58599548,5.58599548,improved
7000,E2_minus_E2_no_filter,E2,E2_no_filter,00007.png,065.jpg,psnr,higher,28.63652707,28.55026464,0.08626243,0.08626243,improved
7000,E2_minus_E2_no_filter,E2,E2_no_filter,00008.png,074.jpg,psnr,higher,33.71566099,32.86441857,0.85124242,0.85124242,improved
7000,E2_minus_E2_no_filter,E2,E2_no_filter,00009.png,083.jpg,psnr,higher,28.12759124,23.57031533,4.55727591,4.55727591,improved
7000,E2_minus_E2_no_filter,E2,E2_no_filter,00010.png,092.jpg,psnr,higher,19.43058138,28.22628462,-8.79570324,-8.79570324,regressed
7000,E2_minus_E2_no_filter,E2,E2_no_filter,00011.png,101.jpg,psnr,higher,32.62619404,36.66079605,-4.03460201,-4.03460201,regressed
7000,E2_minus_E2_no_filter,E2,E2_no_filter,00012.png,110.jpg,psnr,higher,25.20840395,26.30227080,-1.09386685,-1.09386685,regressed
7000,E2_minus_E2_no_filter,E2,E2_no_filter,00013.png,119.jpg,psnr,higher,33.52573159,17.73609310,15.78963849,15.78963849,improved
7000,E2_minus_E2_no_filter,E2,E2_no_filter,00014.png,129.jpg,psnr,higher,31.81766804,34.78722489,-2.96955685,-2.96955685,regressed
7000,E2_minus_E2_no_filter,E2,E2_no_filter,00015.png,138.jpg,psnr,higher,36.49438637,34.61891196,1.87547441,1.87547441,improved
7000,E2_minus_E2_no_filter,E2,E2_no_filter,00016.png,147.jpg,psnr,higher,30.58284116,32.07216410,-1.48932294,-1.48932294,regressed
7000,E2_minus_E2_no_filter,E2,E2_no_filter,00017.png,156.jpg,psnr,higher,30.15386844,30.20497846,-0.05111002,-0.05111002,regressed
7000,E2_minus_E2_no_filter,E2,E2_no_filter,00018.png,165.jpg,psnr,higher,28.37469424,28.01774816,0.35694608,0.35694608,improved
7000,E2_minus_E2_no_filter,E2,E2_no_filter,00019.png,174.jpg,psnr,higher,37.96186213,36.86803112,1.09383101,1.09383101,improved
7000,E2_minus_E2_no_filter,E2,E2_no_filter,00020.png,183.jpg,psnr,higher,33.28572345,35.19819108,-1.91246763,-1.91246763,regressed
7000,E2_minus_E2_no_filter,E2,E2_no_filter,00021.png,193.jpg,psnr,higher,29.83567214,30.76333359,-0.92766145,-0.92766145,regressed
7000,E2_minus_E2_no_filter,E2,E2_no_filter,00022.png,202.jpg,psnr,higher,37.44521230,37.66083817,-0.21562587,-0.21562587,regressed
7000,E2_minus_E2_no_filter,E2,E2_no_filter,00023.png,211.jpg,psnr,higher,30.99082673,32.27521631,-1.28438958,-1.28438958,regressed
7000,E2_minus_E2_no_filter,E2,E2_no_filter,00024.png,220.jpg,psnr,higher,34.93195028,33.85323672,1.07871356,1.07871356,improved
7000,E2_minus_E2_no_filter,E2,E2_no_filter,00025.png,229.jpg,psnr,higher,35.15426493,34.32800839,0.82625654,0.82625654,improved
7000,E2_minus_E2_no_filter,E2,E2_no_filter,00026.png,238.jpg,psnr,higher,34.36586098,33.99134241,0.37451857,0.37451857,improved
7000,E2_minus_E2_no_filter,E2,E2_no_filter,00027.png,247.jpg,psnr,higher,34.89020787,34.52017476,0.37003311,0.37003311,improved
7000,E2_minus_E2_no_filter,E2,E2_no_filter,00028.png,257.jpg,psnr,higher,28.80913181,30.21935943,-1.41022762,-1.41022762,regressed
7000,E2_minus_E2_no_filter,E2,E2_no_filter,00029.png,266.jpg,psnr,higher,23.04940729,24.34800987,-1.29860258,-1.29860258,regressed
7000,E2_minus_E2_no_filter,E2,E2_no_filter,00030.png,275.jpg,psnr,higher,23.83264368,23.46510847,0.36753521,0.36753521,improved
7000,E2_minus_E2_no_filter,E2,E2_no_filter,00031.png,284.jpg,psnr,higher,36.54372241,36.21225003,0.33147238,0.33147238,improved
7000,E2_minus_E2_no_filter,E2,E2_no_filter,00032.png,293.jpg,psnr,higher,35.01394525,35.41773267,-0.40378742,-0.40378742,regressed
7000,E2_minus_E2_no_filter,E2,E2_no_filter,00033.png,302.jpg,psnr,higher,31.08329679,27.82560736,3.25768943,3.25768943,improved
7000,E2_minus_E2_no_filter,E2,E2_no_filter,00000.png,001.jpg,ssim,higher,0.97148043,0.97162938,-0.00014895,-0.00014895,regressed
7000,E2_minus_E2_no_filter,E2,E2_no_filter,00001.png,010.jpg,ssim,higher,0.95963854,0.96007079,-0.00043225,-0.00043225,regressed
7000,E2_minus_E2_no_filter,E2,E2_no_filter,00002.png,019.jpg,ssim,higher,0.90335631,0.90681058,-0.00345427,-0.00345427,regressed
7000,E2_minus_E2_no_filter,E2,E2_no_filter,00003.png,028.jpg,ssim,higher,0.92785233,0.92339438,0.00445795,0.00445795,improved
7000,E2_minus_E2_no_filter,E2,E2_no_filter,00004.png,037.jpg,ssim,higher,0.95102620,0.87968415,0.07134205,0.07134205,improved
7000,E2_minus_E2_no_filter,E2,E2_no_filter,00005.png,046.jpg,ssim,higher,0.95304745,0.95065969,0.00238776,0.00238776,improved
7000,E2_minus_E2_no_filter,E2,E2_no_filter,00006.png,055.jpg,ssim,higher,0.95573014,0.94254309,0.01318705,0.01318705,improved
7000,E2_minus_E2_no_filter,E2,E2_no_filter,00007.png,065.jpg,ssim,higher,0.95209777,0.95249903,-0.00040126,-0.00040126,regressed
7000,E2_minus_E2_no_filter,E2,E2_no_filter,00008.png,074.jpg,ssim,higher,0.95917815,0.95797735,0.00120080,0.00120080,improved
7000,E2_minus_E2_no_filter,E2,E2_no_filter,00009.png,083.jpg,ssim,higher,0.95173019,0.94366360,0.00806659,0.00806659,improved
7000,E2_minus_E2_no_filter,E2,E2_no_filter,00010.png,092.jpg,ssim,higher,0.91187060,0.95608664,-0.04421604,-0.04421604,regressed
7000,E2_minus_E2_no_filter,E2,E2_no_filter,00011.png,101.jpg,ssim,higher,0.95974368,0.96127492,-0.00153124,-0.00153124,regressed
7000,E2_minus_E2_no_filter,E2,E2_no_filter,00012.png,110.jpg,ssim,higher,0.94515377,0.94739127,-0.00223750,-0.00223750,regressed
7000,E2_minus_E2_no_filter,E2,E2_no_filter,00013.png,119.jpg,ssim,higher,0.95731181,0.88980520,0.06750661,0.06750661,improved
7000,E2_minus_E2_no_filter,E2,E2_no_filter,00014.png,129.jpg,ssim,higher,0.96862620,0.96938038,-0.00075418,-0.00075418,regressed
7000,E2_minus_E2_no_filter,E2,E2_no_filter,00015.png,138.jpg,ssim,higher,0.96093953,0.96011859,0.00082094,0.00082094,improved
7000,E2_minus_E2_no_filter,E2,E2_no_filter,00016.png,147.jpg,ssim,higher,0.95680267,0.95673603,0.00006664,0.00006664,improved
7000,E2_minus_E2_no_filter,E2,E2_no_filter,00017.png,156.jpg,ssim,higher,0.95245391,0.95321178,-0.00075787,-0.00075787,regressed
7000,E2_minus_E2_no_filter,E2,E2_no_filter,00018.png,165.jpg,ssim,higher,0.95237601,0.95393938,-0.00156337,-0.00156337,regressed
7000,E2_minus_E2_no_filter,E2,E2_no_filter,00019.png,174.jpg,ssim,higher,0.96525121,0.96502984,0.00022137,0.00022137,improved
7000,E2_minus_E2_no_filter,E2,E2_no_filter,00020.png,183.jpg,ssim,higher,0.95431387,0.95599258,-0.00167871,-0.00167871,regressed
7000,E2_minus_E2_no_filter,E2,E2_no_filter,00021.png,193.jpg,ssim,higher,0.95023948,0.95203620,-0.00179672,-0.00179672,regressed
7000,E2_minus_E2_no_filter,E2,E2_no_filter,00022.png,202.jpg,ssim,higher,0.96111935,0.96104693,0.00007242,0.00007242,improved
7000,E2_minus_E2_no_filter,E2,E2_no_filter,00023.png,211.jpg,ssim,higher,0.94877386,0.95001751,-0.00124365,-0.00124365,regressed
7000,E2_minus_E2_no_filter,E2,E2_no_filter,00024.png,220.jpg,ssim,higher,0.94925982,0.94758111,0.00167871,0.00167871,improved
7000,E2_minus_E2_no_filter,E2,E2_no_filter,00025.png,229.jpg,ssim,higher,0.94707578,0.94563639,0.00143939,0.00143939,improved
7000,E2_minus_E2_no_filter,E2,E2_no_filter,00026.png,238.jpg,ssim,higher,0.94594580,0.94573128,0.00021452,0.00021452,improved
7000,E2_minus_E2_no_filter,E2,E2_no_filter,00027.png,247.jpg,ssim,higher,0.94838732,0.94888532,-0.00049800,-0.00049800,regressed
7000,E2_minus_E2_no_filter,E2,E2_no_filter,00028.png,257.jpg,ssim,higher,0.93413025,0.93917078,-0.00504053,-0.00504053,regressed
7000,E2_minus_E2_no_filter,E2,E2_no_filter,00029.png,266.jpg,ssim,higher,0.89877540,0.90903330,-0.01025790,-0.01025790,regressed
7000,E2_minus_E2_no_filter,E2,E2_no_filter,00030.png,275.jpg,ssim,higher,0.90938902,0.90789777,0.00149125,0.00149125,improved
7000,E2_minus_E2_no_filter,E2,E2_no_filter,00031.png,284.jpg,ssim,higher,0.95889390,0.95921636,-0.00032246,-0.00032246,regressed
7000,E2_minus_E2_no_filter,E2,E2_no_filter,00032.png,293.jpg,ssim,higher,0.95912039,0.95999092,-0.00087053,-0.00087053,regressed
7000,E2_minus_E2_no_filter,E2,E2_no_filter,00033.png,302.jpg,ssim,higher,0.94916850,0.94620258,0.00296592,0.00296592,improved
7000,E2_minus_E2_no_filter,E2,E2_no_filter,00000.png,001.jpg,t_mae,lower,0.01025360,0.01429645,-0.00404285,0.00404285,improved
7000,E2_minus_E2_no_filter,E2,E2_no_filter,00001.png,010.jpg,t_mae,lower,0.01080031,0.01142917,-0.00062886,0.00062886,improved
7000,E2_minus_E2_no_filter,E2,E2_no_filter,00002.png,019.jpg,t_mae,lower,0.06922223,0.07586829,-0.00664606,0.00664606,improved
7000,E2_minus_E2_no_filter,E2,E2_no_filter,00003.png,028.jpg,t_mae,lower,0.05399036,0.04706835,0.00692201,-0.00692201,regressed
7000,E2_minus_E2_no_filter,E2,E2_no_filter,00004.png,037.jpg,t_mae,lower,0.01608372,0.10159986,-0.08551614,0.08551614,improved
7000,E2_minus_E2_no_filter,E2,E2_no_filter,00005.png,046.jpg,t_mae,lower,0.03434509,0.02175283,0.01259226,-0.01259226,regressed
7000,E2_minus_E2_no_filter,E2,E2_no_filter,00006.png,055.jpg,t_mae,lower,0.02299197,0.03560249,-0.01261052,0.01261052,improved
7000,E2_minus_E2_no_filter,E2,E2_no_filter,00007.png,065.jpg,t_mae,lower,0.02671308,0.02704022,-0.00032714,0.00032714,improved
7000,E2_minus_E2_no_filter,E2,E2_no_filter,00008.png,074.jpg,t_mae,lower,0.01384026,0.01430161,-0.00046135,0.00046135,improved
7000,E2_minus_E2_no_filter,E2,E2_no_filter,00009.png,083.jpg,t_mae,lower,0.02554469,0.03817018,-0.01262549,0.01262549,improved
7000,E2_minus_E2_no_filter,E2,E2_no_filter,00010.png,092.jpg,t_mae,lower,0.07421552,0.02385249,0.05036303,-0.05036303,regressed
7000,E2_minus_E2_no_filter,E2,E2_no_filter,00011.png,101.jpg,t_mae,lower,0.01604366,0.01041537,0.00562829,-0.00562829,regressed
7000,E2_minus_E2_no_filter,E2,E2_no_filter,00012.png,110.jpg,t_mae,lower,0.04048977,0.03584567,0.00464410,-0.00464410,regressed
7000,E2_minus_E2_no_filter,E2,E2_no_filter,00013.png,119.jpg,t_mae,lower,0.01496846,0.09538765,-0.08041919,0.08041919,improved
7000,E2_minus_E2_no_filter,E2,E2_no_filter,00014.png,129.jpg,t_mae,lower,0.01685495,0.01261450,0.00424045,-0.00424045,regressed
7000,E2_minus_E2_no_filter,E2,E2_no_filter,00015.png,138.jpg,t_mae,lower,0.01020275,0.01360391,-0.00340116,0.00340116,improved
7000,E2_minus_E2_no_filter,E2,E2_no_filter,00016.png,147.jpg,t_mae,lower,0.02258219,0.01802208,0.00456011,-0.00456011,regressed
7000,E2_minus_E2_no_filter,E2,E2_no_filter,00017.png,156.jpg,t_mae,lower,0.02403607,0.02484227,-0.00080620,0.00080620,improved
7000,E2_minus_E2_no_filter,E2,E2_no_filter,00018.png,165.jpg,t_mae,lower,0.02874357,0.02773346,0.00101011,-0.00101011,regressed
7000,E2_minus_E2_no_filter,E2,E2_no_filter,00019.png,174.jpg,t_mae,lower,0.00868006,0.01078178,-0.00210172,0.00210172,improved
7000,E2_minus_E2_no_filter,E2,E2_no_filter,00020.png,183.jpg,t_mae,lower,0.01519159,0.01147964,0.00371195,-0.00371195,regressed
7000,E2_minus_E2_no_filter,E2,E2_no_filter,00021.png,193.jpg,t_mae,lower,0.02116160,0.02146778,-0.00030618,0.00030618,improved
7000,E2_minus_E2_no_filter,E2,E2_no_filter,00022.png,202.jpg,t_mae,lower,0.00991441,0.00980263,0.00011178,-0.00011178,regressed
7000,E2_minus_E2_no_filter,E2,E2_no_filter,00023.png,211.jpg,t_mae,lower,0.02160299,0.01884968,0.00275331,-0.00275331,regressed
7000,E2_minus_E2_no_filter,E2,E2_no_filter,00024.png,220.jpg,t_mae,lower,0.01168046,0.01275468,-0.00107422,0.00107422,improved
7000,E2_minus_E2_no_filter,E2,E2_no_filter,00025.png,229.jpg,t_mae,lower,0.01166371,0.01325353,-0.00158982,0.00158982,improved
7000,E2_minus_E2_no_filter,E2,E2_no_filter,00026.png,238.jpg,t_mae,lower,0.01128302,0.01294312,-0.00166010,0.00166010,improved
7000,E2_minus_E2_no_filter,E2,E2_no_filter,00027.png,247.jpg,t_mae,lower,0.01250336,0.01338142,-0.00087806,0.00087806,improved
7000,E2_minus_E2_no_filter,E2,E2_no_filter,00028.png,257.jpg,t_mae,lower,0.02313339,0.02164977,0.00148362,-0.00148362,regressed
7000,E2_minus_E2_no_filter,E2,E2_no_filter,00029.png,266.jpg,t_mae,lower,0.04357301,0.03970502,0.00386799,-0.00386799,regressed
7000,E2_minus_E2_no_filter,E2,E2_no_filter,00030.png,275.jpg,t_mae,lower,0.04800167,0.05091775,-0.00291608,0.00291608,improved
7000,E2_minus_E2_no_filter,E2,E2_no_filter,00031.png,284.jpg,t_mae,lower,0.01115953,0.01175776,-0.00059823,0.00059823,improved
7000,E2_minus_E2_no_filter,E2,E2_no_filter,00032.png,293.jpg,t_mae,lower,0.01259618,0.01270350,-0.00010732,0.00010732,improved
7000,E2_minus_E2_no_filter,E2,E2_no_filter,00033.png,302.jpg,t_mae,lower,0.02073574,0.03192874,-0.01119300,0.01119300,improved
7000,E2_minus_E2_no_filter,E2,E2_no_filter,00000.png,001.jpg,e_mae,lower,0.00502264,0.00479779,0.00022485,-0.00022485,regressed
7000,E2_minus_E2_no_filter,E2,E2_no_filter,00001.png,010.jpg,e_mae,lower,0.00578548,0.00568691,0.00009857,-0.00009857,regressed
7000,E2_minus_E2_no_filter,E2,E2_no_filter,00002.png,019.jpg,e_mae,lower,0.00866004,0.00866034,-0.00000030,0.00000030,improved
7000,E2_minus_E2_no_filter,E2,E2_no_filter,00003.png,028.jpg,e_mae,lower,0.00782874,0.00807030,-0.00024156,0.00024156,improved
7000,E2_minus_E2_no_filter,E2,E2_no_filter,00004.png,037.jpg,e_mae,lower,0.00651075,0.00788299,-0.00137224,0.00137224,improved
7000,E2_minus_E2_no_filter,E2,E2_no_filter,00005.png,046.jpg,e_mae,lower,0.00711175,0.00709720,0.00001455,-0.00001455,regressed
7000,E2_minus_E2_no_filter,E2,E2_no_filter,00006.png,055.jpg,e_mae,lower,0.00604130,0.00730433,-0.00126303,0.00126303,improved
7000,E2_minus_E2_no_filter,E2,E2_no_filter,00007.png,065.jpg,e_mae,lower,0.00607372,0.00654826,-0.00047454,0.00047454,improved
7000,E2_minus_E2_no_filter,E2,E2_no_filter,00008.png,074.jpg,e_mae,lower,0.00562760,0.00551286,0.00011474,-0.00011474,regressed
7000,E2_minus_E2_no_filter,E2,E2_no_filter,00009.png,083.jpg,e_mae,lower,0.00566368,0.00557359,0.00009009,-0.00009009,regressed
7000,E2_minus_E2_no_filter,E2,E2_no_filter,00010.png,092.jpg,e_mae,lower,0.00880110,0.00667625,0.00212485,-0.00212485,regressed
7000,E2_minus_E2_no_filter,E2,E2_no_filter,00011.png,101.jpg,e_mae,lower,0.00583381,0.00591009,-0.00007628,0.00007628,improved
7000,E2_minus_E2_no_filter,E2,E2_no_filter,00012.png,110.jpg,e_mae,lower,0.00685797,0.00747961,-0.00062164,0.00062164,improved
7000,E2_minus_E2_no_filter,E2,E2_no_filter,00013.png,119.jpg,e_mae,lower,0.00646394,0.00735162,-0.00088768,0.00088768,improved
7000,E2_minus_E2_no_filter,E2,E2_no_filter,00014.png,129.jpg,e_mae,lower,0.00569889,0.00546036,0.00023853,-0.00023853,regressed
7000,E2_minus_E2_no_filter,E2,E2_no_filter,00015.png,138.jpg,e_mae,lower,0.00606673,0.00600360,0.00006313,-0.00006313,regressed
7000,E2_minus_E2_no_filter,E2,E2_no_filter,00016.png,147.jpg,e_mae,lower,0.00608148,0.00604105,0.00004043,-0.00004043,regressed
7000,E2_minus_E2_no_filter,E2,E2_no_filter,00017.png,156.jpg,e_mae,lower,0.00729509,0.00699176,0.00030333,-0.00030333,regressed
7000,E2_minus_E2_no_filter,E2,E2_no_filter,00018.png,165.jpg,e_mae,lower,0.00567475,0.00571015,-0.00003540,0.00003540,improved
7000,E2_minus_E2_no_filter,E2,E2_no_filter,00019.png,174.jpg,e_mae,lower,0.00487381,0.00481794,0.00005587,-0.00005587,regressed
7000,E2_minus_E2_no_filter,E2,E2_no_filter,00020.png,183.jpg,e_mae,lower,0.00578096,0.00578947,-0.00000851,0.00000851,improved
7000,E2_minus_E2_no_filter,E2,E2_no_filter,00021.png,193.jpg,e_mae,lower,0.00643357,0.00625609,0.00017748,-0.00017748,regressed
7000,E2_minus_E2_no_filter,E2,E2_no_filter,00022.png,202.jpg,e_mae,lower,0.00481346,0.00490849,-0.00009503,0.00009503,improved
7000,E2_minus_E2_no_filter,E2,E2_no_filter,00023.png,211.jpg,e_mae,lower,0.00598411,0.00600162,-0.00001751,0.00001751,improved
7000,E2_minus_E2_no_filter,E2,E2_no_filter,00024.png,220.jpg,e_mae,lower,0.00628037,0.00644324,-0.00016287,0.00016287,improved
7000,E2_minus_E2_no_filter,E2,E2_no_filter,00025.png,229.jpg,e_mae,lower,0.00670859,0.00686548,-0.00015689,0.00015689,improved
7000,E2_minus_E2_no_filter,E2,E2_no_filter,00026.png,238.jpg,e_mae,lower,0.00770099,0.00764618,0.00005481,-0.00005481,regressed
7000,E2_minus_E2_no_filter,E2,E2_no_filter,00027.png,247.jpg,e_mae,lower,0.00639632,0.00633182,0.00006450,-0.00006450,regressed
7000,E2_minus_E2_no_filter,E2,E2_no_filter,00028.png,257.jpg,e_mae,lower,0.00753460,0.00736462,0.00016998,-0.00016998,regressed
7000,E2_minus_E2_no_filter,E2,E2_no_filter,00029.png,266.jpg,e_mae,lower,0.00865596,0.00866208,-0.00000612,0.00000612,improved
7000,E2_minus_E2_no_filter,E2,E2_no_filter,00030.png,275.jpg,e_mae,lower,0.00663448,0.00661746,0.00001702,-0.00001702,regressed
7000,E2_minus_E2_no_filter,E2,E2_no_filter,00031.png,284.jpg,e_mae,lower,0.00510449,0.00505829,0.00004620,-0.00004620,regressed
7000,E2_minus_E2_no_filter,E2,E2_no_filter,00032.png,293.jpg,e_mae,lower,0.00561455,0.00551105,0.00010350,-0.00010350,regressed
7000,E2_minus_E2_no_filter,E2,E2_no_filter,00033.png,302.jpg,e_mae,lower,0.00683852,0.00691744,-0.00007892,0.00007892,improved
7000,E2_minus_E2_no_filter,E2,E2_no_filter,00000.png,001.jpg,gradient_preservation,higher,0.56176198,0.56319803,-0.00143605,-0.00143605,regressed
7000,E2_minus_E2_no_filter,E2,E2_no_filter,00001.png,010.jpg,gradient_preservation,higher,0.50038183,0.49102077,0.00936106,0.00936106,improved
7000,E2_minus_E2_no_filter,E2,E2_no_filter,00002.png,019.jpg,gradient_preservation,higher,0.44932729,0.32642582,0.12290147,0.12290147,improved
7000,E2_minus_E2_no_filter,E2,E2_no_filter,00003.png,028.jpg,gradient_preservation,higher,0.50185335,0.45336288,0.04849047,0.04849047,improved
7000,E2_minus_E2_no_filter,E2,E2_no_filter,00004.png,037.jpg,gradient_preservation,higher,0.49685329,0.53439164,-0.03753835,-0.03753835,regressed
7000,E2_minus_E2_no_filter,E2,E2_no_filter,00005.png,046.jpg,gradient_preservation,higher,0.51353729,0.51337177,0.00016552,0.00016552,improved
7000,E2_minus_E2_no_filter,E2,E2_no_filter,00006.png,055.jpg,gradient_preservation,higher,0.51646250,0.51504314,0.00141936,0.00141936,improved
7000,E2_minus_E2_no_filter,E2,E2_no_filter,00007.png,065.jpg,gradient_preservation,higher,0.49940225,0.51015866,-0.01075641,-0.01075641,regressed
7000,E2_minus_E2_no_filter,E2,E2_no_filter,00008.png,074.jpg,gradient_preservation,higher,0.50562239,0.49775007,0.00787232,0.00787232,improved
7000,E2_minus_E2_no_filter,E2,E2_no_filter,00009.png,083.jpg,gradient_preservation,higher,0.58931357,0.57581854,0.01349503,0.01349503,improved
7000,E2_minus_E2_no_filter,E2,E2_no_filter,00010.png,092.jpg,gradient_preservation,higher,0.45518717,0.51980394,-0.06461677,-0.06461677,regressed
7000,E2_minus_E2_no_filter,E2,E2_no_filter,00011.png,101.jpg,gradient_preservation,higher,0.46753967,0.48188666,-0.01434699,-0.01434699,regressed
7000,E2_minus_E2_no_filter,E2,E2_no_filter,00012.png,110.jpg,gradient_preservation,higher,0.52784526,0.51451635,0.01332891,0.01332891,improved
7000,E2_minus_E2_no_filter,E2,E2_no_filter,00013.png,119.jpg,gradient_preservation,higher,0.51134849,0.53023571,-0.01888722,-0.01888722,regressed
7000,E2_minus_E2_no_filter,E2,E2_no_filter,00014.png,129.jpg,gradient_preservation,higher,0.53064775,0.54927689,-0.01862914,-0.01862914,regressed
7000,E2_minus_E2_no_filter,E2,E2_no_filter,00015.png,138.jpg,gradient_preservation,higher,0.48934469,0.48189119,0.00745350,0.00745350,improved
7000,E2_minus_E2_no_filter,E2,E2_no_filter,00016.png,147.jpg,gradient_preservation,higher,0.50019181,0.50224906,-0.00205725,-0.00205725,regressed
7000,E2_minus_E2_no_filter,E2,E2_no_filter,00017.png,156.jpg,gradient_preservation,higher,0.54059309,0.53231251,0.00828058,0.00828058,improved
7000,E2_minus_E2_no_filter,E2,E2_no_filter,00018.png,165.jpg,gradient_preservation,higher,0.53274423,0.51458883,0.01815540,0.01815540,improved
7000,E2_minus_E2_no_filter,E2,E2_no_filter,00019.png,174.jpg,gradient_preservation,higher,0.51051223,0.50822681,0.00228542,0.00228542,improved
7000,E2_minus_E2_no_filter,E2,E2_no_filter,00020.png,183.jpg,gradient_preservation,higher,0.50181323,0.49857730,0.00323593,0.00323593,improved
7000,E2_minus_E2_no_filter,E2,E2_no_filter,00021.png,193.jpg,gradient_preservation,higher,0.51123297,0.49976909,0.01146388,0.01146388,improved
7000,E2_minus_E2_no_filter,E2,E2_no_filter,00022.png,202.jpg,gradient_preservation,higher,0.53967881,0.53149235,0.00818646,0.00818646,improved
7000,E2_minus_E2_no_filter,E2,E2_no_filter,00023.png,211.jpg,gradient_preservation,higher,0.60352653,0.60582829,-0.00230176,-0.00230176,regressed
7000,E2_minus_E2_no_filter,E2,E2_no_filter,00024.png,220.jpg,gradient_preservation,higher,0.60975361,0.60438496,0.00536865,0.00536865,improved
7000,E2_minus_E2_no_filter,E2,E2_no_filter,00025.png,229.jpg,gradient_preservation,higher,0.62227952,0.62067181,0.00160771,0.00160771,improved
7000,E2_minus_E2_no_filter,E2,E2_no_filter,00026.png,238.jpg,gradient_preservation,higher,0.60328829,0.60915798,-0.00586969,-0.00586969,regressed
7000,E2_minus_E2_no_filter,E2,E2_no_filter,00027.png,247.jpg,gradient_preservation,higher,0.58797228,0.58273470,0.00523758,0.00523758,improved
7000,E2_minus_E2_no_filter,E2,E2_no_filter,00028.png,257.jpg,gradient_preservation,higher,0.57222837,0.57809943,-0.00587106,-0.00587106,regressed
7000,E2_minus_E2_no_filter,E2,E2_no_filter,00029.png,266.jpg,gradient_preservation,higher,0.57317841,0.56492877,0.00824964,0.00824964,improved
7000,E2_minus_E2_no_filter,E2,E2_no_filter,00030.png,275.jpg,gradient_preservation,higher,0.45986184,0.45260891,0.00725293,0.00725293,improved
7000,E2_minus_E2_no_filter,E2,E2_no_filter,00031.png,284.jpg,gradient_preservation,higher,0.51483202,0.51696408,-0.00213206,-0.00213206,regressed
7000,E2_minus_E2_no_filter,E2,E2_no_filter,00032.png,293.jpg,gradient_preservation,higher,0.52860874,0.53047359,-0.00186485,-0.00186485,regressed
7000,E2_minus_E2_no_filter,E2,E2_no_filter,00033.png,302.jpg,gradient_preservation,higher,0.50490856,0.49942580,0.00548276,0.00548276,improved
7000,E2_minus_B0,E2,B0,00000.png,001.jpg,psnr,higher,36.82063510,36.42792949,0.39270561,0.39270561,improved
7000,E2_minus_B0,E2,B0,00001.png,010.jpg,psnr,higher,36.25548653,35.82676217,0.42872436,0.42872436,improved
7000,E2_minus_B0,E2,B0,00002.png,019.jpg,psnr,higher,20.35141160,19.07215154,1.27926006,1.27926006,improved
7000,E2_minus_B0,E2,B0,00003.png,028.jpg,psnr,higher,23.24719913,18.47917582,4.76802331,4.76802331,improved
7000,E2_minus_B0,E2,B0,00004.png,037.jpg,psnr,higher,33.20999018,15.28304282,17.92694736,17.92694736,improved
7000,E2_minus_B0,E2,B0,00005.png,046.jpg,psnr,higher,27.40316168,31.74899328,-4.34583160,-4.34583160,regressed
7000,E2_minus_B0,E2,B0,00006.png,055.jpg,psnr,higher,30.97726775,30.67680361,0.30046414,0.30046414,improved
7000,E2_minus_B0,E2,B0,00007.png,065.jpg,psnr,higher,28.63652707,30.90194947,-2.26542240,-2.26542240,regressed
7000,E2_minus_B0,E2,B0,00008.png,074.jpg,psnr,higher,33.71566099,35.47271793,-1.75705694,-1.75705694,regressed
7000,E2_minus_B0,E2,B0,00009.png,083.jpg,psnr,higher,28.12759124,22.75191221,5.37567903,5.37567903,improved
7000,E2_minus_B0,E2,B0,00010.png,092.jpg,psnr,higher,19.43058138,23.44502841,-4.01444703,-4.01444703,regressed
7000,E2_minus_B0,E2,B0,00011.png,101.jpg,psnr,higher,32.62619404,31.20598905,1.42020499,1.42020499,improved
7000,E2_minus_B0,E2,B0,00012.png,110.jpg,psnr,higher,25.20840395,28.87929634,-3.67089239,-3.67089239,regressed
7000,E2_minus_B0,E2,B0,00013.png,119.jpg,psnr,higher,33.52573159,34.38785491,-0.86212332,-0.86212332,regressed
7000,E2_minus_B0,E2,B0,00014.png,129.jpg,psnr,higher,31.81766804,35.83775042,-4.02008238,-4.02008238,regressed
7000,E2_minus_B0,E2,B0,00015.png,138.jpg,psnr,higher,36.49438637,36.58117450,-0.08678813,-0.08678813,regressed
7000,E2_minus_B0,E2,B0,00016.png,147.jpg,psnr,higher,30.58284116,33.37203829,-2.78919713,-2.78919713,regressed
7000,E2_minus_B0,E2,B0,00017.png,156.jpg,psnr,higher,30.15386844,30.81030757,-0.65643913,-0.65643913,regressed
7000,E2_minus_B0,E2,B0,00018.png,165.jpg,psnr,higher,28.37469424,27.56017290,0.81452134,0.81452134,improved
7000,E2_minus_B0,E2,B0,00019.png,174.jpg,psnr,higher,37.96186213,36.56020522,1.40165691,1.40165691,improved
7000,E2_minus_B0,E2,B0,00020.png,183.jpg,psnr,higher,33.28572345,29.77722905,3.50849440,3.50849440,improved
7000,E2_minus_B0,E2,B0,00021.png,193.jpg,psnr,higher,29.83567214,24.32432661,5.51134553,5.51134553,improved
7000,E2_minus_B0,E2,B0,00022.png,202.jpg,psnr,higher,37.44521230,37.17042730,0.27478500,0.27478500,improved
7000,E2_minus_B0,E2,B0,00023.png,211.jpg,psnr,higher,30.99082673,32.97528591,-1.98445918,-1.98445918,regressed
7000,E2_minus_B0,E2,B0,00024.png,220.jpg,psnr,higher,34.93195028,34.22304646,0.70890382,0.70890382,improved
7000,E2_minus_B0,E2,B0,00025.png,229.jpg,psnr,higher,35.15426493,34.60211205,0.55215288,0.55215288,improved
7000,E2_minus_B0,E2,B0,00026.png,238.jpg,psnr,higher,34.36586098,33.50103532,0.86482566,0.86482566,improved
7000,E2_minus_B0,E2,B0,00027.png,247.jpg,psnr,higher,34.89020787,34.17472265,0.71548522,0.71548522,improved
7000,E2_minus_B0,E2,B0,00028.png,257.jpg,psnr,higher,28.80913181,29.50251335,-0.69338154,-0.69338154,regressed
7000,E2_minus_B0,E2,B0,00029.png,266.jpg,psnr,higher,23.04940729,22.74793566,0.30147163,0.30147163,improved
7000,E2_minus_B0,E2,B0,00030.png,275.jpg,psnr,higher,23.83264368,23.40063323,0.43201045,0.43201045,improved
7000,E2_minus_B0,E2,B0,00031.png,284.jpg,psnr,higher,36.54372241,35.31873364,1.22498877,1.22498877,improved
7000,E2_minus_B0,E2,B0,00032.png,293.jpg,psnr,higher,35.01394525,35.49549745,-0.48155220,-0.48155220,regressed
7000,E2_minus_B0,E2,B0,00033.png,302.jpg,psnr,higher,31.08329679,30.78281004,0.30048675,0.30048675,improved
7000,E2_minus_B0,E2,B0,00000.png,001.jpg,ssim,higher,0.97148043,0.97158545,-0.00010502,-0.00010502,regressed
7000,E2_minus_B0,E2,B0,00001.png,010.jpg,ssim,higher,0.95963854,0.96034175,-0.00070321,-0.00070321,regressed
7000,E2_minus_B0,E2,B0,00002.png,019.jpg,ssim,higher,0.90335631,0.89505380,0.00830251,0.00830251,improved
7000,E2_minus_B0,E2,B0,00003.png,028.jpg,ssim,higher,0.92785233,0.88563401,0.04221832,0.04221832,improved
7000,E2_minus_B0,E2,B0,00004.png,037.jpg,ssim,higher,0.95102620,0.85363448,0.09739172,0.09739172,improved
7000,E2_minus_B0,E2,B0,00005.png,046.jpg,ssim,higher,0.95304745,0.95386291,-0.00081546,-0.00081546,regressed
7000,E2_minus_B0,E2,B0,00006.png,055.jpg,ssim,higher,0.95573014,0.95428276,0.00144738,0.00144738,improved
7000,E2_minus_B0,E2,B0,00007.png,065.jpg,ssim,higher,0.95209777,0.95395756,-0.00185979,-0.00185979,regressed
7000,E2_minus_B0,E2,B0,00008.png,074.jpg,ssim,higher,0.95917815,0.96067053,-0.00149238,-0.00149238,regressed
7000,E2_minus_B0,E2,B0,00009.png,083.jpg,ssim,higher,0.95173019,0.94348466,0.00824553,0.00824553,improved
7000,E2_minus_B0,E2,B0,00010.png,092.jpg,ssim,higher,0.91187060,0.93467635,-0.02280575,-0.02280575,regressed
7000,E2_minus_B0,E2,B0,00011.png,101.jpg,ssim,higher,0.95974368,0.95865911,0.00108457,0.00108457,improved
7000,E2_minus_B0,E2,B0,00012.png,110.jpg,ssim,higher,0.94515377,0.95265710,-0.00750333,-0.00750333,regressed
7000,E2_minus_B0,E2,B0,00013.png,119.jpg,ssim,higher,0.95731181,0.95754814,-0.00023633,-0.00023633,regressed
7000,E2_minus_B0,E2,B0,00014.png,129.jpg,ssim,higher,0.96862620,0.97003734,-0.00141114,-0.00141114,regressed
7000,E2_minus_B0,E2,B0,00015.png,138.jpg,ssim,higher,0.96093953,0.96095300,-0.00001347,-0.00001347,regressed
7000,E2_minus_B0,E2,B0,00016.png,147.jpg,ssim,higher,0.95680267,0.95766860,-0.00086593,-0.00086593,regressed
7000,E2_minus_B0,E2,B0,00017.png,156.jpg,ssim,higher,0.95245391,0.95348293,-0.00102902,-0.00102902,regressed
7000,E2_minus_B0,E2,B0,00018.png,165.jpg,ssim,higher,0.95237601,0.94915015,0.00322586,0.00322586,improved
7000,E2_minus_B0,E2,B0,00019.png,174.jpg,ssim,higher,0.96525121,0.96482527,0.00042594,0.00042594,improved
7000,E2_minus_B0,E2,B0,00020.png,183.jpg,ssim,higher,0.95431387,0.94909877,0.00521510,0.00521510,improved
7000,E2_minus_B0,E2,B0,00021.png,193.jpg,ssim,higher,0.95023948,0.92033839,0.02990109,0.02990109,improved
7000,E2_minus_B0,E2,B0,00022.png,202.jpg,ssim,higher,0.96111935,0.96057707,0.00054228,0.00054228,improved
7000,E2_minus_B0,E2,B0,00023.png,211.jpg,ssim,higher,0.94877386,0.95117742,-0.00240356,-0.00240356,regressed
7000,E2_minus_B0,E2,B0,00024.png,220.jpg,ssim,higher,0.94925982,0.94695324,0.00230658,0.00230658,improved
7000,E2_minus_B0,E2,B0,00025.png,229.jpg,ssim,higher,0.94707578,0.94682020,0.00025558,0.00025558,improved
7000,E2_minus_B0,E2,B0,00026.png,238.jpg,ssim,higher,0.94594580,0.94498825,0.00095755,0.00095755,improved
7000,E2_minus_B0,E2,B0,00027.png,247.jpg,ssim,higher,0.94838732,0.94845247,-0.00006515,-0.00006515,regressed
7000,E2_minus_B0,E2,B0,00028.png,257.jpg,ssim,higher,0.93413025,0.93427861,-0.00014836,-0.00014836,regressed
7000,E2_minus_B0,E2,B0,00029.png,266.jpg,ssim,higher,0.89877540,0.90601742,-0.00724202,-0.00724202,regressed
7000,E2_minus_B0,E2,B0,00030.png,275.jpg,ssim,higher,0.90938902,0.90838003,0.00100899,0.00100899,improved
7000,E2_minus_B0,E2,B0,00031.png,284.jpg,ssim,higher,0.95889390,0.95823830,0.00065560,0.00065560,improved
7000,E2_minus_B0,E2,B0,00032.png,293.jpg,ssim,higher,0.95912039,0.96016341,-0.00104302,-0.00104302,regressed
7000,E2_minus_B0,E2,B0,00033.png,302.jpg,ssim,higher,0.94916850,0.94856870,0.00059980,0.00059980,improved
7000,E2_minus_B0,E2,B0,00000.png,001.jpg,t_mae,lower,0.01025360,0.01126784,-0.00101424,0.00101424,improved
7000,E2_minus_B0,E2,B0,00001.png,010.jpg,t_mae,lower,0.01080031,0.01156854,-0.00076823,0.00076823,improved
7000,E2_minus_B0,E2,B0,00002.png,019.jpg,t_mae,lower,0.06922223,0.08068233,-0.01146010,0.01146010,improved
7000,E2_minus_B0,E2,B0,00003.png,028.jpg,t_mae,lower,0.05399036,0.08968467,-0.03569431,0.03569431,improved
7000,E2_minus_B0,E2,B0,00004.png,037.jpg,t_mae,lower,0.01608372,0.11708679,-0.10100307,0.10100307,improved
7000,E2_minus_B0,E2,B0,00005.png,046.jpg,t_mae,lower,0.03434509,0.01887649,0.01546860,-0.01546860,regressed
7000,E2_minus_B0,E2,B0,00006.png,055.jpg,t_mae,lower,0.02299197,0.02383622,-0.00084425,0.00084425,improved
7000,E2_minus_B0,E2,B0,00007.png,065.jpg,t_mae,lower,0.02671308,0.02092418,0.00578890,-0.00578890,regressed
7000,E2_minus_B0,E2,B0,00008.png,074.jpg,t_mae,lower,0.01384026,0.01282183,0.00101843,-0.00101843,regressed
7000,E2_minus_B0,E2,B0,00009.png,083.jpg,t_mae,lower,0.02554469,0.04604051,-0.02049582,0.02049582,improved
7000,E2_minus_B0,E2,B0,00010.png,092.jpg,t_mae,lower,0.07421552,0.05072651,0.02348901,-0.02348901,regressed
7000,E2_minus_B0,E2,B0,00011.png,101.jpg,t_mae,lower,0.01604366,0.02078410,-0.00474044,0.00474044,improved
7000,E2_minus_B0,E2,B0,00012.png,110.jpg,t_mae,lower,0.04048977,0.02841552,0.01207425,-0.01207425,regressed
7000,E2_minus_B0,E2,B0,00013.png,119.jpg,t_mae,lower,0.01496846,0.01367309,0.00129537,-0.00129537,regressed
7000,E2_minus_B0,E2,B0,00014.png,129.jpg,t_mae,lower,0.01685495,0.01131523,0.00553972,-0.00553972,regressed
7000,E2_minus_B0,E2,B0,00015.png,138.jpg,t_mae,lower,0.01020275,0.01032666,-0.00012391,0.00012391,improved
7000,E2_minus_B0,E2,B0,00016.png,147.jpg,t_mae,lower,0.02258219,0.01572437,0.00685782,-0.00685782,regressed
7000,E2_minus_B0,E2,B0,00017.png,156.jpg,t_mae,lower,0.02403607,0.02273513,0.00130094,-0.00130094,regressed
7000,E2_minus_B0,E2,B0,00018.png,165.jpg,t_mae,lower,0.02874357,0.03122047,-0.00247690,0.00247690,improved
7000,E2_minus_B0,E2,B0,00019.png,174.jpg,t_mae,lower,0.00868006,0.01109007,-0.00241001,0.00241001,improved
7000,E2_minus_B0,E2,B0,00020.png,183.jpg,t_mae,lower,0.01519159,0.02132861,-0.00613702,0.00613702,improved
7000,E2_minus_B0,E2,B0,00021.png,193.jpg,t_mae,lower,0.02116160,0.04061752,-0.01945592,0.01945592,improved
7000,E2_minus_B0,E2,B0,00022.png,202.jpg,t_mae,lower,0.00991441,0.01041793,-0.00050352,0.00050352,improved
7000,E2_minus_B0,E2,B0,00023.png,211.jpg,t_mae,lower,0.02160299,0.01705316,0.00454983,-0.00454983,regressed
7000,E2_minus_B0,E2,B0,00024.png,220.jpg,t_mae,lower,0.01168046,0.01293848,-0.00125802,0.00125802,improved
7000,E2_minus_B0,E2,B0,00025.png,229.jpg,t_mae,lower,0.01166371,0.01315224,-0.00148853,0.00148853,improved
7000,E2_minus_B0,E2,B0,00026.png,238.jpg,t_mae,lower,0.01128302,0.01313855,-0.00185553,0.00185553,improved
7000,E2_minus_B0,E2,B0,00027.png,247.jpg,t_mae,lower,0.01250336,0.01399570,-0.00149234,0.00149234,improved
7000,E2_minus_B0,E2,B0,00028.png,257.jpg,t_mae,lower,0.02313339,0.02177635,0.00135704,-0.00135704,regressed
7000,E2_minus_B0,E2,B0,00029.png,266.jpg,t_mae,lower,0.04357301,0.04119540,0.00237761,-0.00237761,regressed
7000,E2_minus_B0,E2,B0,00030.png,275.jpg,t_mae,lower,0.04800167,0.04632629,0.00167538,-0.00167538,regressed
7000,E2_minus_B0,E2,B0,00031.png,284.jpg,t_mae,lower,0.01115953,0.01320605,-0.00204652,0.00204652,improved
7000,E2_minus_B0,E2,B0,00032.png,293.jpg,t_mae,lower,0.01259618,0.01225223,0.00034395,-0.00034395,regressed
7000,E2_minus_B0,E2,B0,00033.png,302.jpg,t_mae,lower,0.02073574,0.02285585,-0.00212011,0.00212011,improved
7000,E2_minus_B0,E2,B0,00000.png,001.jpg,e_mae,lower,0.00502264,0.00495301,0.00006963,-0.00006963,regressed
7000,E2_minus_B0,E2,B0,00001.png,010.jpg,e_mae,lower,0.00578548,0.00572242,0.00006306,-0.00006306,regressed
7000,E2_minus_B0,E2,B0,00002.png,019.jpg,e_mae,lower,0.00866004,0.00869990,-0.00003986,0.00003986,improved
7000,E2_minus_B0,E2,B0,00003.png,028.jpg,e_mae,lower,0.00782874,0.00875495,-0.00092621,0.00092621,improved
7000,E2_minus_B0,E2,B0,00004.png,037.jpg,e_mae,lower,0.00651075,0.00820120,-0.00169045,0.00169045,improved
7000,E2_minus_B0,E2,B0,00005.png,046.jpg,e_mae,lower,0.00711175,0.00705090,0.00006085,-0.00006085,regressed
7000,E2_minus_B0,E2,B0,00006.png,055.jpg,e_mae,lower,0.00604130,0.00620247,-0.00016117,0.00016117,improved
7000,E2_minus_B0,E2,B0,00007.png,065.jpg,e_mae,lower,0.00607372,0.00603623,0.00003749,-0.00003749,regressed
7000,E2_minus_B0,E2,B0,00008.png,074.jpg,e_mae,lower,0.00562760,0.00542899,0.00019861,-0.00019861,regressed
7000,E2_minus_B0,E2,B0,00009.png,083.jpg,e_mae,lower,0.00566368,0.00587839,-0.00021471,0.00021471,improved
7000,E2_minus_B0,E2,B0,00010.png,092.jpg,e_mae,lower,0.00880110,0.00620878,0.00259232,-0.00259232,regressed
7000,E2_minus_B0,E2,B0,00011.png,101.jpg,e_mae,lower,0.00583381,0.00610114,-0.00026733,0.00026733,improved
7000,E2_minus_B0,E2,B0,00012.png,110.jpg,e_mae,lower,0.00685797,0.00666914,0.00018883,-0.00018883,regressed
7000,E2_minus_B0,E2,B0,00013.png,119.jpg,e_mae,lower,0.00646394,0.00636591,0.00009803,-0.00009803,regressed
7000,E2_minus_B0,E2,B0,00014.png,129.jpg,e_mae,lower,0.00569889,0.00553378,0.00016511,-0.00016511,regressed
7000,E2_minus_B0,E2,B0,00015.png,138.jpg,e_mae,lower,0.00606673,0.00583027,0.00023646,-0.00023646,regressed
7000,E2_minus_B0,E2,B0,00016.png,147.jpg,e_mae,lower,0.00608148,0.00602057,0.00006091,-0.00006091,regressed
7000,E2_minus_B0,E2,B0,00017.png,156.jpg,e_mae,lower,0.00729509,0.00714402,0.00015107,-0.00015107,regressed
7000,E2_minus_B0,E2,B0,00018.png,165.jpg,e_mae,lower,0.00567475,0.00567674,-0.00000199,0.00000199,improved
7000,E2_minus_B0,E2,B0,00019.png,174.jpg,e_mae,lower,0.00487381,0.00487073,0.00000308,-0.00000308,regressed
7000,E2_minus_B0,E2,B0,00020.png,183.jpg,e_mae,lower,0.00578096,0.00583151,-0.00005055,0.00005055,improved
7000,E2_minus_B0,E2,B0,00021.png,193.jpg,e_mae,lower,0.00643357,0.00640352,0.00003005,-0.00003005,regressed
7000,E2_minus_B0,E2,B0,00022.png,202.jpg,e_mae,lower,0.00481346,0.00489091,-0.00007745,0.00007745,improved
7000,E2_minus_B0,E2,B0,00023.png,211.jpg,e_mae,lower,0.00598411,0.00601204,-0.00002793,0.00002793,improved
7000,E2_minus_B0,E2,B0,00024.png,220.jpg,e_mae,lower,0.00628037,0.00641597,-0.00013560,0.00013560,improved
7000,E2_minus_B0,E2,B0,00025.png,229.jpg,e_mae,lower,0.00670859,0.00672125,-0.00001266,0.00001266,improved
7000,E2_minus_B0,E2,B0,00026.png,238.jpg,e_mae,lower,0.00770099,0.00777276,-0.00007177,0.00007177,improved
7000,E2_minus_B0,E2,B0,00027.png,247.jpg,e_mae,lower,0.00639632,0.00639985,-0.00000353,0.00000353,improved
7000,E2_minus_B0,E2,B0,00028.png,257.jpg,e_mae,lower,0.00753460,0.00791282,-0.00037822,0.00037822,improved
7000,E2_minus_B0,E2,B0,00029.png,266.jpg,e_mae,lower,0.00865596,0.00856275,0.00009321,-0.00009321,regressed
7000,E2_minus_B0,E2,B0,00030.png,275.jpg,e_mae,lower,0.00663448,0.00651384,0.00012064,-0.00012064,regressed
7000,E2_minus_B0,E2,B0,00031.png,284.jpg,e_mae,lower,0.00510449,0.00514103,-0.00003654,0.00003654,improved
7000,E2_minus_B0,E2,B0,00032.png,293.jpg,e_mae,lower,0.00561455,0.00559912,0.00001543,-0.00001543,regressed
7000,E2_minus_B0,E2,B0,00033.png,302.jpg,e_mae,lower,0.00683852,0.00684913,-0.00001061,0.00001061,improved
7000,E2_minus_B0,E2,B0,00000.png,001.jpg,gradient_preservation,higher,0.56176198,0.55854392,0.00321806,0.00321806,improved
7000,E2_minus_B0,E2,B0,00001.png,010.jpg,gradient_preservation,higher,0.50038183,0.49203622,0.00834561,0.00834561,improved
7000,E2_minus_B0,E2,B0,00002.png,019.jpg,gradient_preservation,higher,0.44932729,0.52502877,-0.07570148,-0.07570148,regressed
7000,E2_minus_B0,E2,B0,00003.png,028.jpg,gradient_preservation,higher,0.50185335,0.52055609,-0.01870274,-0.01870274,regressed
7000,E2_minus_B0,E2,B0,00004.png,037.jpg,gradient_preservation,higher,0.49685329,0.56183589,-0.06498260,-0.06498260,regressed
7000,E2_minus_B0,E2,B0,00005.png,046.jpg,gradient_preservation,higher,0.51353729,0.52465820,-0.01112091,-0.01112091,regressed
7000,E2_minus_B0,E2,B0,00006.png,055.jpg,gradient_preservation,higher,0.51646250,0.52728784,-0.01082534,-0.01082534,regressed
7000,E2_minus_B0,E2,B0,00007.png,065.jpg,gradient_preservation,higher,0.49940225,0.52378756,-0.02438531,-0.02438531,regressed
7000,E2_minus_B0,E2,B0,00008.png,074.jpg,gradient_preservation,higher,0.50562239,0.49823275,0.00738964,0.00738964,improved
7000,E2_minus_B0,E2,B0,00009.png,083.jpg,gradient_preservation,higher,0.58931357,0.55277312,0.03654045,0.03654045,improved
7000,E2_minus_B0,E2,B0,00010.png,092.jpg,gradient_preservation,higher,0.45518717,0.52127647,-0.06608930,-0.06608930,regressed
7000,E2_minus_B0,E2,B0,00011.png,101.jpg,gradient_preservation,higher,0.46753967,0.48281530,-0.01527563,-0.01527563,regressed
7000,E2_minus_B0,E2,B0,00012.png,110.jpg,gradient_preservation,higher,0.52784526,0.54475522,-0.01690996,-0.01690996,regressed
7000,E2_minus_B0,E2,B0,00013.png,119.jpg,gradient_preservation,higher,0.51134849,0.51645517,-0.00510668,-0.00510668,regressed
7000,E2_minus_B0,E2,B0,00014.png,129.jpg,gradient_preservation,higher,0.53064775,0.55388415,-0.02323640,-0.02323640,regressed
7000,E2_minus_B0,E2,B0,00015.png,138.jpg,gradient_preservation,higher,0.48934469,0.49160630,-0.00226161,-0.00226161,regressed
7000,E2_minus_B0,E2,B0,00016.png,147.jpg,gradient_preservation,higher,0.50019181,0.49720931,0.00298250,0.00298250,improved
7000,E2_minus_B0,E2,B0,00017.png,156.jpg,gradient_preservation,higher,0.54059309,0.53941202,0.00118107,0.00118107,improved
7000,E2_minus_B0,E2,B0,00018.png,165.jpg,gradient_preservation,higher,0.53274423,0.55297756,-0.02023333,-0.02023333,regressed
7000,E2_minus_B0,E2,B0,00019.png,174.jpg,gradient_preservation,higher,0.51051223,0.51443690,-0.00392467,-0.00392467,regressed
7000,E2_minus_B0,E2,B0,00020.png,183.jpg,gradient_preservation,higher,0.50181323,0.51569432,-0.01388109,-0.01388109,regressed
7000,E2_minus_B0,E2,B0,00021.png,193.jpg,gradient_preservation,higher,0.51123297,0.57852948,-0.06729651,-0.06729651,regressed
7000,E2_minus_B0,E2,B0,00022.png,202.jpg,gradient_preservation,higher,0.53967881,0.53748578,0.00219303,0.00219303,improved
7000,E2_minus_B0,E2,B0,00023.png,211.jpg,gradient_preservation,higher,0.60352653,0.60077435,0.00275218,0.00275218,improved
7000,E2_minus_B0,E2,B0,00024.png,220.jpg,gradient_preservation,higher,0.60975361,0.59981167,0.00994194,0.00994194,improved
7000,E2_minus_B0,E2,B0,00025.png,229.jpg,gradient_preservation,higher,0.62227952,0.61884618,0.00343334,0.00343334,improved
7000,E2_minus_B0,E2,B0,00026.png,238.jpg,gradient_preservation,higher,0.60328829,0.60367864,-0.00039035,-0.00039035,regressed
7000,E2_minus_B0,E2,B0,00027.png,247.jpg,gradient_preservation,higher,0.58797228,0.58397436,0.00399792,0.00399792,improved
7000,E2_minus_B0,E2,B0,00028.png,257.jpg,gradient_preservation,higher,0.57222837,0.57604700,-0.00381863,-0.00381863,regressed
7000,E2_minus_B0,E2,B0,00029.png,266.jpg,gradient_preservation,higher,0.57317841,0.56724530,0.00593311,0.00593311,improved
7000,E2_minus_B0,E2,B0,00030.png,275.jpg,gradient_preservation,higher,0.45986184,0.45168567,0.00817617,0.00817617,improved
7000,E2_minus_B0,E2,B0,00031.png,284.jpg,gradient_preservation,higher,0.51483202,0.51573765,-0.00090563,-0.00090563,regressed
7000,E2_minus_B0,E2,B0,00032.png,293.jpg,gradient_preservation,higher,0.52860874,0.52408826,0.00452048,0.00452048,improved
7000,E2_minus_B0,E2,B0,00033.png,302.jpg,gradient_preservation,higher,0.50490856,0.50019747,0.00471109,0.00471109,improved
7000,E2_no_filter_minus_B0,E2_no_filter,B0,00000.png,001.jpg,psnr,higher,35.13538750,36.42792949,-1.29254199,-1.29254199,regressed
7000,E2_no_filter_minus_B0,E2_no_filter,B0,00001.png,010.jpg,psnr,higher,35.77200972,35.82676217,-0.05475245,-0.05475245,regressed
7000,E2_no_filter_minus_B0,E2_no_filter,B0,00002.png,019.jpg,psnr,higher,19.10390759,19.07215154,0.03175605,0.03175605,improved
7000,E2_no_filter_minus_B0,E2_no_filter,B0,00003.png,028.jpg,psnr,higher,23.77747920,18.47917582,5.29830338,5.29830338,improved
7000,E2_no_filter_minus_B0,E2_no_filter,B0,00004.png,037.jpg,psnr,higher,16.68462637,15.28304282,1.40158355,1.40158355,improved
7000,E2_no_filter_minus_B0,E2_no_filter,B0,00005.png,046.jpg,psnr,higher,30.13800374,31.74899328,-1.61098954,-1.61098954,regressed
7000,E2_no_filter_minus_B0,E2_no_filter,B0,00006.png,055.jpg,psnr,higher,25.39127227,30.67680361,-5.28553134,-5.28553134,regressed
7000,E2_no_filter_minus_B0,E2_no_filter,B0,00007.png,065.jpg,psnr,higher,28.55026464,30.90194947,-2.35168483,-2.35168483,regressed
7000,E2_no_filter_minus_B0,E2_no_filter,B0,00008.png,074.jpg,psnr,higher,32.86441857,35.47271793,-2.60829936,-2.60829936,regressed
7000,E2_no_filter_minus_B0,E2_no_filter,B0,00009.png,083.jpg,psnr,higher,23.57031533,22.75191221,0.81840312,0.81840312,improved
7000,E2_no_filter_minus_B0,E2_no_filter,B0,00010.png,092.jpg,psnr,higher,28.22628462,23.44502841,4.78125621,4.78125621,improved
7000,E2_no_filter_minus_B0,E2_no_filter,B0,00011.png,101.jpg,psnr,higher,36.66079605,31.20598905,5.45480700,5.45480700,improved
7000,E2_no_filter_minus_B0,E2_no_filter,B0,00012.png,110.jpg,psnr,higher,26.30227080,28.87929634,-2.57702554,-2.57702554,regressed
7000,E2_no_filter_minus_B0,E2_no_filter,B0,00013.png,119.jpg,psnr,higher,17.73609310,34.38785491,-16.65176181,-16.65176181,regressed
7000,E2_no_filter_minus_B0,E2_no_filter,B0,00014.png,129.jpg,psnr,higher,34.78722489,35.83775042,-1.05052553,-1.05052553,regressed
7000,E2_no_filter_minus_B0,E2_no_filter,B0,00015.png,138.jpg,psnr,higher,34.61891196,36.58117450,-1.96226254,-1.96226254,regressed
7000,E2_no_filter_minus_B0,E2_no_filter,B0,00016.png,147.jpg,psnr,higher,32.07216410,33.37203829,-1.29987419,-1.29987419,regressed
7000,E2_no_filter_minus_B0,E2_no_filter,B0,00017.png,156.jpg,psnr,higher,30.20497846,30.81030757,-0.60532911,-0.60532911,regressed
7000,E2_no_filter_minus_B0,E2_no_filter,B0,00018.png,165.jpg,psnr,higher,28.01774816,27.56017290,0.45757526,0.45757526,improved
7000,E2_no_filter_minus_B0,E2_no_filter,B0,00019.png,174.jpg,psnr,higher,36.86803112,36.56020522,0.30782590,0.30782590,improved
7000,E2_no_filter_minus_B0,E2_no_filter,B0,00020.png,183.jpg,psnr,higher,35.19819108,29.77722905,5.42096203,5.42096203,improved
7000,E2_no_filter_minus_B0,E2_no_filter,B0,00021.png,193.jpg,psnr,higher,30.76333359,24.32432661,6.43900698,6.43900698,improved
7000,E2_no_filter_minus_B0,E2_no_filter,B0,00022.png,202.jpg,psnr,higher,37.66083817,37.17042730,0.49041087,0.49041087,improved
7000,E2_no_filter_minus_B0,E2_no_filter,B0,00023.png,211.jpg,psnr,higher,32.27521631,32.97528591,-0.70006960,-0.70006960,regressed
7000,E2_no_filter_minus_B0,E2_no_filter,B0,00024.png,220.jpg,psnr,higher,33.85323672,34.22304646,-0.36980974,-0.36980974,regressed
7000,E2_no_filter_minus_B0,E2_no_filter,B0,00025.png,229.jpg,psnr,higher,34.32800839,34.60211205,-0.27410366,-0.27410366,regressed
7000,E2_no_filter_minus_B0,E2_no_filter,B0,00026.png,238.jpg,psnr,higher,33.99134241,33.50103532,0.49030709,0.49030709,improved
7000,E2_no_filter_minus_B0,E2_no_filter,B0,00027.png,247.jpg,psnr,higher,34.52017476,34.17472265,0.34545211,0.34545211,improved
7000,E2_no_filter_minus_B0,E2_no_filter,B0,00028.png,257.jpg,psnr,higher,30.21935943,29.50251335,0.71684608,0.71684608,improved
7000,E2_no_filter_minus_B0,E2_no_filter,B0,00029.png,266.jpg,psnr,higher,24.34800987,22.74793566,1.60007421,1.60007421,improved
7000,E2_no_filter_minus_B0,E2_no_filter,B0,00030.png,275.jpg,psnr,higher,23.46510847,23.40063323,0.06447524,0.06447524,improved
7000,E2_no_filter_minus_B0,E2_no_filter,B0,00031.png,284.jpg,psnr,higher,36.21225003,35.31873364,0.89351639,0.89351639,improved
7000,E2_no_filter_minus_B0,E2_no_filter,B0,00032.png,293.jpg,psnr,higher,35.41773267,35.49549745,-0.07776478,-0.07776478,regressed
7000,E2_no_filter_minus_B0,E2_no_filter,B0,00033.png,302.jpg,psnr,higher,27.82560736,30.78281004,-2.95720268,-2.95720268,regressed
7000,E2_no_filter_minus_B0,E2_no_filter,B0,00000.png,001.jpg,ssim,higher,0.97162938,0.97158545,0.00004393,0.00004393,improved
7000,E2_no_filter_minus_B0,E2_no_filter,B0,00001.png,010.jpg,ssim,higher,0.96007079,0.96034175,-0.00027096,-0.00027096,regressed
7000,E2_no_filter_minus_B0,E2_no_filter,B0,00002.png,019.jpg,ssim,higher,0.90681058,0.89505380,0.01175678,0.01175678,improved
7000,E2_no_filter_minus_B0,E2_no_filter,B0,00003.png,028.jpg,ssim,higher,0.92339438,0.88563401,0.03776037,0.03776037,improved
7000,E2_no_filter_minus_B0,E2_no_filter,B0,00004.png,037.jpg,ssim,higher,0.87968415,0.85363448,0.02604967,0.02604967,improved
7000,E2_no_filter_minus_B0,E2_no_filter,B0,00005.png,046.jpg,ssim,higher,0.95065969,0.95386291,-0.00320322,-0.00320322,regressed
7000,E2_no_filter_minus_B0,E2_no_filter,B0,00006.png,055.jpg,ssim,higher,0.94254309,0.95428276,-0.01173967,-0.01173967,regressed
7000,E2_no_filter_minus_B0,E2_no_filter,B0,00007.png,065.jpg,ssim,higher,0.95249903,0.95395756,-0.00145853,-0.00145853,regressed
7000,E2_no_filter_minus_B0,E2_no_filter,B0,00008.png,074.jpg,ssim,higher,0.95797735,0.96067053,-0.00269318,-0.00269318,regressed
7000,E2_no_filter_minus_B0,E2_no_filter,B0,00009.png,083.jpg,ssim,higher,0.94366360,0.94348466,0.00017894,0.00017894,improved
7000,E2_no_filter_minus_B0,E2_no_filter,B0,00010.png,092.jpg,ssim,higher,0.95608664,0.93467635,0.02141029,0.02141029,improved
7000,E2_no_filter_minus_B0,E2_no_filter,B0,00011.png,101.jpg,ssim,higher,0.96127492,0.95865911,0.00261581,0.00261581,improved
7000,E2_no_filter_minus_B0,E2_no_filter,B0,00012.png,110.jpg,ssim,higher,0.94739127,0.95265710,-0.00526583,-0.00526583,regressed
7000,E2_no_filter_minus_B0,E2_no_filter,B0,00013.png,119.jpg,ssim,higher,0.88980520,0.95754814,-0.06774294,-0.06774294,regressed
7000,E2_no_filter_minus_B0,E2_no_filter,B0,00014.png,129.jpg,ssim,higher,0.96938038,0.97003734,-0.00065696,-0.00065696,regressed
7000,E2_no_filter_minus_B0,E2_no_filter,B0,00015.png,138.jpg,ssim,higher,0.96011859,0.96095300,-0.00083441,-0.00083441,regressed
7000,E2_no_filter_minus_B0,E2_no_filter,B0,00016.png,147.jpg,ssim,higher,0.95673603,0.95766860,-0.00093257,-0.00093257,regressed
7000,E2_no_filter_minus_B0,E2_no_filter,B0,00017.png,156.jpg,ssim,higher,0.95321178,0.95348293,-0.00027115,-0.00027115,regressed
7000,E2_no_filter_minus_B0,E2_no_filter,B0,00018.png,165.jpg,ssim,higher,0.95393938,0.94915015,0.00478923,0.00478923,improved
7000,E2_no_filter_minus_B0,E2_no_filter,B0,00019.png,174.jpg,ssim,higher,0.96502984,0.96482527,0.00020457,0.00020457,improved
7000,E2_no_filter_minus_B0,E2_no_filter,B0,00020.png,183.jpg,ssim,higher,0.95599258,0.94909877,0.00689381,0.00689381,improved
7000,E2_no_filter_minus_B0,E2_no_filter,B0,00021.png,193.jpg,ssim,higher,0.95203620,0.92033839,0.03169781,0.03169781,improved
7000,E2_no_filter_minus_B0,E2_no_filter,B0,00022.png,202.jpg,ssim,higher,0.96104693,0.96057707,0.00046986,0.00046986,improved
7000,E2_no_filter_minus_B0,E2_no_filter,B0,00023.png,211.jpg,ssim,higher,0.95001751,0.95117742,-0.00115991,-0.00115991,regressed
7000,E2_no_filter_minus_B0,E2_no_filter,B0,00024.png,220.jpg,ssim,higher,0.94758111,0.94695324,0.00062787,0.00062787,improved
7000,E2_no_filter_minus_B0,E2_no_filter,B0,00025.png,229.jpg,ssim,higher,0.94563639,0.94682020,-0.00118381,-0.00118381,regressed
7000,E2_no_filter_minus_B0,E2_no_filter,B0,00026.png,238.jpg,ssim,higher,0.94573128,0.94498825,0.00074303,0.00074303,improved
7000,E2_no_filter_minus_B0,E2_no_filter,B0,00027.png,247.jpg,ssim,higher,0.94888532,0.94845247,0.00043285,0.00043285,improved
7000,E2_no_filter_minus_B0,E2_no_filter,B0,00028.png,257.jpg,ssim,higher,0.93917078,0.93427861,0.00489217,0.00489217,improved
7000,E2_no_filter_minus_B0,E2_no_filter,B0,00029.png,266.jpg,ssim,higher,0.90903330,0.90601742,0.00301588,0.00301588,improved
7000,E2_no_filter_minus_B0,E2_no_filter,B0,00030.png,275.jpg,ssim,higher,0.90789777,0.90838003,-0.00048226,-0.00048226,regressed
7000,E2_no_filter_minus_B0,E2_no_filter,B0,00031.png,284.jpg,ssim,higher,0.95921636,0.95823830,0.00097806,0.00097806,improved
7000,E2_no_filter_minus_B0,E2_no_filter,B0,00032.png,293.jpg,ssim,higher,0.95999092,0.96016341,-0.00017249,-0.00017249,regressed
7000,E2_no_filter_minus_B0,E2_no_filter,B0,00033.png,302.jpg,ssim,higher,0.94620258,0.94856870,-0.00236612,-0.00236612,regressed
7000,E2_no_filter_minus_B0,E2_no_filter,B0,00000.png,001.jpg,t_mae,lower,0.01429645,0.01126784,0.00302861,-0.00302861,regressed
7000,E2_no_filter_minus_B0,E2_no_filter,B0,00001.png,010.jpg,t_mae,lower,0.01142917,0.01156854,-0.00013937,0.00013937,improved
7000,E2_no_filter_minus_B0,E2_no_filter,B0,00002.png,019.jpg,t_mae,lower,0.07586829,0.08068233,-0.00481404,0.00481404,improved
7000,E2_no_filter_minus_B0,E2_no_filter,B0,00003.png,028.jpg,t_mae,lower,0.04706835,0.08968467,-0.04261632,0.04261632,improved
7000,E2_no_filter_minus_B0,E2_no_filter,B0,00004.png,037.jpg,t_mae,lower,0.10159986,0.11708679,-0.01548693,0.01548693,improved
7000,E2_no_filter_minus_B0,E2_no_filter,B0,00005.png,046.jpg,t_mae,lower,0.02175283,0.01887649,0.00287634,-0.00287634,regressed
7000,E2_no_filter_minus_B0,E2_no_filter,B0,00006.png,055.jpg,t_mae,lower,0.03560249,0.02383622,0.01176627,-0.01176627,regressed
7000,E2_no_filter_minus_B0,E2_no_filter,B0,00007.png,065.jpg,t_mae,lower,0.02704022,0.02092418,0.00611604,-0.00611604,regressed
7000,E2_no_filter_minus_B0,E2_no_filter,B0,00008.png,074.jpg,t_mae,lower,0.01430161,0.01282183,0.00147978,-0.00147978,regressed
7000,E2_no_filter_minus_B0,E2_no_filter,B0,00009.png,083.jpg,t_mae,lower,0.03817018,0.04604051,-0.00787033,0.00787033,improved
7000,E2_no_filter_minus_B0,E2_no_filter,B0,00010.png,092.jpg,t_mae,lower,0.02385249,0.05072651,-0.02687402,0.02687402,improved
7000,E2_no_filter_minus_B0,E2_no_filter,B0,00011.png,101.jpg,t_mae,lower,0.01041537,0.02078410,-0.01036873,0.01036873,improved
7000,E2_no_filter_minus_B0,E2_no_filter,B0,00012.png,110.jpg,t_mae,lower,0.03584567,0.02841552,0.00743015,-0.00743015,regressed
7000,E2_no_filter_minus_B0,E2_no_filter,B0,00013.png,119.jpg,t_mae,lower,0.09538765,0.01367309,0.08171456,-0.08171456,regressed
7000,E2_no_filter_minus_B0,E2_no_filter,B0,00014.png,129.jpg,t_mae,lower,0.01261450,0.01131523,0.00129927,-0.00129927,regressed
7000,E2_no_filter_minus_B0,E2_no_filter,B0,00015.png,138.jpg,t_mae,lower,0.01360391,0.01032666,0.00327725,-0.00327725,regressed
7000,E2_no_filter_minus_B0,E2_no_filter,B0,00016.png,147.jpg,t_mae,lower,0.01802208,0.01572437,0.00229771,-0.00229771,regressed
7000,E2_no_filter_minus_B0,E2_no_filter,B0,00017.png,156.jpg,t_mae,lower,0.02484227,0.02273513,0.00210714,-0.00210714,regressed
7000,E2_no_filter_minus_B0,E2_no_filter,B0,00018.png,165.jpg,t_mae,lower,0.02773346,0.03122047,-0.00348701,0.00348701,improved
7000,E2_no_filter_minus_B0,E2_no_filter,B0,00019.png,174.jpg,t_mae,lower,0.01078178,0.01109007,-0.00030829,0.00030829,improved
7000,E2_no_filter_minus_B0,E2_no_filter,B0,00020.png,183.jpg,t_mae,lower,0.01147964,0.02132861,-0.00984897,0.00984897,improved
7000,E2_no_filter_minus_B0,E2_no_filter,B0,00021.png,193.jpg,t_mae,lower,0.02146778,0.04061752,-0.01914974,0.01914974,improved
7000,E2_no_filter_minus_B0,E2_no_filter,B0,00022.png,202.jpg,t_mae,lower,0.00980263,0.01041793,-0.00061530,0.00061530,improved
7000,E2_no_filter_minus_B0,E2_no_filter,B0,00023.png,211.jpg,t_mae,lower,0.01884968,0.01705316,0.00179652,-0.00179652,regressed
7000,E2_no_filter_minus_B0,E2_no_filter,B0,00024.png,220.jpg,t_mae,lower,0.01275468,0.01293848,-0.00018380,0.00018380,improved
7000,E2_no_filter_minus_B0,E2_no_filter,B0,00025.png,229.jpg,t_mae,lower,0.01325353,0.01315224,0.00010129,-0.00010129,regressed
7000,E2_no_filter_minus_B0,E2_no_filter,B0,00026.png,238.jpg,t_mae,lower,0.01294312,0.01313855,-0.00019543,0.00019543,improved
7000,E2_no_filter_minus_B0,E2_no_filter,B0,00027.png,247.jpg,t_mae,lower,0.01338142,0.01399570,-0.00061428,0.00061428,improved
7000,E2_no_filter_minus_B0,E2_no_filter,B0,00028.png,257.jpg,t_mae,lower,0.02164977,0.02177635,-0.00012658,0.00012658,improved
7000,E2_no_filter_minus_B0,E2_no_filter,B0,00029.png,266.jpg,t_mae,lower,0.03970502,0.04119540,-0.00149038,0.00149038,improved
7000,E2_no_filter_minus_B0,E2_no_filter,B0,00030.png,275.jpg,t_mae,lower,0.05091775,0.04632629,0.00459146,-0.00459146,regressed
7000,E2_no_filter_minus_B0,E2_no_filter,B0,00031.png,284.jpg,t_mae,lower,0.01175776,0.01320605,-0.00144829,0.00144829,improved
7000,E2_no_filter_minus_B0,E2_no_filter,B0,00032.png,293.jpg,t_mae,lower,0.01270350,0.01225223,0.00045127,-0.00045127,regressed
7000,E2_no_filter_minus_B0,E2_no_filter,B0,00033.png,302.jpg,t_mae,lower,0.03192874,0.02285585,0.00907289,-0.00907289,regressed
7000,E2_no_filter_minus_B0,E2_no_filter,B0,00000.png,001.jpg,e_mae,lower,0.00479779,0.00495301,-0.00015522,0.00015522,improved
7000,E2_no_filter_minus_B0,E2_no_filter,B0,00001.png,010.jpg,e_mae,lower,0.00568691,0.00572242,-0.00003551,0.00003551,improved
7000,E2_no_filter_minus_B0,E2_no_filter,B0,00002.png,019.jpg,e_mae,lower,0.00866034,0.00869990,-0.00003956,0.00003956,improved
7000,E2_no_filter_minus_B0,E2_no_filter,B0,00003.png,028.jpg,e_mae,lower,0.00807030,0.00875495,-0.00068465,0.00068465,improved
7000,E2_no_filter_minus_B0,E2_no_filter,B0,00004.png,037.jpg,e_mae,lower,0.00788299,0.00820120,-0.00031821,0.00031821,improved
7000,E2_no_filter_minus_B0,E2_no_filter,B0,00005.png,046.jpg,e_mae,lower,0.00709720,0.00705090,0.00004630,-0.00004630,regressed
7000,E2_no_filter_minus_B0,E2_no_filter,B0,00006.png,055.jpg,e_mae,lower,0.00730433,0.00620247,0.00110186,-0.00110186,regressed
7000,E2_no_filter_minus_B0,E2_no_filter,B0,00007.png,065.jpg,e_mae,lower,0.00654826,0.00603623,0.00051203,-0.00051203,regressed
7000,E2_no_filter_minus_B0,E2_no_filter,B0,00008.png,074.jpg,e_mae,lower,0.00551286,0.00542899,0.00008387,-0.00008387,regressed
7000,E2_no_filter_minus_B0,E2_no_filter,B0,00009.png,083.jpg,e_mae,lower,0.00557359,0.00587839,-0.00030480,0.00030480,improved
7000,E2_no_filter_minus_B0,E2_no_filter,B0,00010.png,092.jpg,e_mae,lower,0.00667625,0.00620878,0.00046747,-0.00046747,regressed
7000,E2_no_filter_minus_B0,E2_no_filter,B0,00011.png,101.jpg,e_mae,lower,0.00591009,0.00610114,-0.00019105,0.00019105,improved
7000,E2_no_filter_minus_B0,E2_no_filter,B0,00012.png,110.jpg,e_mae,lower,0.00747961,0.00666914,0.00081047,-0.00081047,regressed
7000,E2_no_filter_minus_B0,E2_no_filter,B0,00013.png,119.jpg,e_mae,lower,0.00735162,0.00636591,0.00098571,-0.00098571,regressed
7000,E2_no_filter_minus_B0,E2_no_filter,B0,00014.png,129.jpg,e_mae,lower,0.00546036,0.00553378,-0.00007342,0.00007342,improved
7000,E2_no_filter_minus_B0,E2_no_filter,B0,00015.png,138.jpg,e_mae,lower,0.00600360,0.00583027,0.00017333,-0.00017333,regressed
7000,E2_no_filter_minus_B0,E2_no_filter,B0,00016.png,147.jpg,e_mae,lower,0.00604105,0.00602057,0.00002048,-0.00002048,regressed
7000,E2_no_filter_minus_B0,E2_no_filter,B0,00017.png,156.jpg,e_mae,lower,0.00699176,0.00714402,-0.00015226,0.00015226,improved
7000,E2_no_filter_minus_B0,E2_no_filter,B0,00018.png,165.jpg,e_mae,lower,0.00571015,0.00567674,0.00003341,-0.00003341,regressed
7000,E2_no_filter_minus_B0,E2_no_filter,B0,00019.png,174.jpg,e_mae,lower,0.00481794,0.00487073,-0.00005279,0.00005279,improved
7000,E2_no_filter_minus_B0,E2_no_filter,B0,00020.png,183.jpg,e_mae,lower,0.00578947,0.00583151,-0.00004204,0.00004204,improved
7000,E2_no_filter_minus_B0,E2_no_filter,B0,00021.png,193.jpg,e_mae,lower,0.00625609,0.00640352,-0.00014743,0.00014743,improved
7000,E2_no_filter_minus_B0,E2_no_filter,B0,00022.png,202.jpg,e_mae,lower,0.00490849,0.00489091,0.00001758,-0.00001758,regressed
7000,E2_no_filter_minus_B0,E2_no_filter,B0,00023.png,211.jpg,e_mae,lower,0.00600162,0.00601204,-0.00001042,0.00001042,improved
7000,E2_no_filter_minus_B0,E2_no_filter,B0,00024.png,220.jpg,e_mae,lower,0.00644324,0.00641597,0.00002727,-0.00002727,regressed
7000,E2_no_filter_minus_B0,E2_no_filter,B0,00025.png,229.jpg,e_mae,lower,0.00686548,0.00672125,0.00014423,-0.00014423,regressed
7000,E2_no_filter_minus_B0,E2_no_filter,B0,00026.png,238.jpg,e_mae,lower,0.00764618,0.00777276,-0.00012658,0.00012658,improved
7000,E2_no_filter_minus_B0,E2_no_filter,B0,00027.png,247.jpg,e_mae,lower,0.00633182,0.00639985,-0.00006803,0.00006803,improved
7000,E2_no_filter_minus_B0,E2_no_filter,B0,00028.png,257.jpg,e_mae,lower,0.00736462,0.00791282,-0.00054820,0.00054820,improved
7000,E2_no_filter_minus_B0,E2_no_filter,B0,00029.png,266.jpg,e_mae,lower,0.00866208,0.00856275,0.00009933,-0.00009933,regressed
7000,E2_no_filter_minus_B0,E2_no_filter,B0,00030.png,275.jpg,e_mae,lower,0.00661746,0.00651384,0.00010362,-0.00010362,regressed
7000,E2_no_filter_minus_B0,E2_no_filter,B0,00031.png,284.jpg,e_mae,lower,0.00505829,0.00514103,-0.00008274,0.00008274,improved
7000,E2_no_filter_minus_B0,E2_no_filter,B0,00032.png,293.jpg,e_mae,lower,0.00551105,0.00559912,-0.00008807,0.00008807,improved
7000,E2_no_filter_minus_B0,E2_no_filter,B0,00033.png,302.jpg,e_mae,lower,0.00691744,0.00684913,0.00006831,-0.00006831,regressed
7000,E2_no_filter_minus_B0,E2_no_filter,B0,00000.png,001.jpg,gradient_preservation,higher,0.56319803,0.55854392,0.00465411,0.00465411,improved
7000,E2_no_filter_minus_B0,E2_no_filter,B0,00001.png,010.jpg,gradient_preservation,higher,0.49102077,0.49203622,-0.00101545,-0.00101545,regressed
7000,E2_no_filter_minus_B0,E2_no_filter,B0,00002.png,019.jpg,gradient_preservation,higher,0.32642582,0.52502877,-0.19860295,-0.19860295,regressed
7000,E2_no_filter_minus_B0,E2_no_filter,B0,00003.png,028.jpg,gradient_preservation,higher,0.45336288,0.52055609,-0.06719321,-0.06719321,regressed
7000,E2_no_filter_minus_B0,E2_no_filter,B0,00004.png,037.jpg,gradient_preservation,higher,0.53439164,0.56183589,-0.02744425,-0.02744425,regressed
7000,E2_no_filter_minus_B0,E2_no_filter,B0,00005.png,046.jpg,gradient_preservation,higher,0.51337177,0.52465820,-0.01128643,-0.01128643,regressed
7000,E2_no_filter_minus_B0,E2_no_filter,B0,00006.png,055.jpg,gradient_preservation,higher,0.51504314,0.52728784,-0.01224470,-0.01224470,regressed
7000,E2_no_filter_minus_B0,E2_no_filter,B0,00007.png,065.jpg,gradient_preservation,higher,0.51015866,0.52378756,-0.01362890,-0.01362890,regressed
7000,E2_no_filter_minus_B0,E2_no_filter,B0,00008.png,074.jpg,gradient_preservation,higher,0.49775007,0.49823275,-0.00048268,-0.00048268,regressed
7000,E2_no_filter_minus_B0,E2_no_filter,B0,00009.png,083.jpg,gradient_preservation,higher,0.57581854,0.55277312,0.02304542,0.02304542,improved
7000,E2_no_filter_minus_B0,E2_no_filter,B0,00010.png,092.jpg,gradient_preservation,higher,0.51980394,0.52127647,-0.00147253,-0.00147253,regressed
7000,E2_no_filter_minus_B0,E2_no_filter,B0,00011.png,101.jpg,gradient_preservation,higher,0.48188666,0.48281530,-0.00092864,-0.00092864,regressed
7000,E2_no_filter_minus_B0,E2_no_filter,B0,00012.png,110.jpg,gradient_preservation,higher,0.51451635,0.54475522,-0.03023887,-0.03023887,regressed
7000,E2_no_filter_minus_B0,E2_no_filter,B0,00013.png,119.jpg,gradient_preservation,higher,0.53023571,0.51645517,0.01378054,0.01378054,improved
7000,E2_no_filter_minus_B0,E2_no_filter,B0,00014.png,129.jpg,gradient_preservation,higher,0.54927689,0.55388415,-0.00460726,-0.00460726,regressed
7000,E2_no_filter_minus_B0,E2_no_filter,B0,00015.png,138.jpg,gradient_preservation,higher,0.48189119,0.49160630,-0.00971511,-0.00971511,regressed
7000,E2_no_filter_minus_B0,E2_no_filter,B0,00016.png,147.jpg,gradient_preservation,higher,0.50224906,0.49720931,0.00503975,0.00503975,improved
7000,E2_no_filter_minus_B0,E2_no_filter,B0,00017.png,156.jpg,gradient_preservation,higher,0.53231251,0.53941202,-0.00709951,-0.00709951,regressed
7000,E2_no_filter_minus_B0,E2_no_filter,B0,00018.png,165.jpg,gradient_preservation,higher,0.51458883,0.55297756,-0.03838873,-0.03838873,regressed
7000,E2_no_filter_minus_B0,E2_no_filter,B0,00019.png,174.jpg,gradient_preservation,higher,0.50822681,0.51443690,-0.00621009,-0.00621009,regressed
7000,E2_no_filter_minus_B0,E2_no_filter,B0,00020.png,183.jpg,gradient_preservation,higher,0.49857730,0.51569432,-0.01711702,-0.01711702,regressed
7000,E2_no_filter_minus_B0,E2_no_filter,B0,00021.png,193.jpg,gradient_preservation,higher,0.49976909,0.57852948,-0.07876039,-0.07876039,regressed
7000,E2_no_filter_minus_B0,E2_no_filter,B0,00022.png,202.jpg,gradient_preservation,higher,0.53149235,0.53748578,-0.00599343,-0.00599343,regressed
7000,E2_no_filter_minus_B0,E2_no_filter,B0,00023.png,211.jpg,gradient_preservation,higher,0.60582829,0.60077435,0.00505394,0.00505394,improved
7000,E2_no_filter_minus_B0,E2_no_filter,B0,00024.png,220.jpg,gradient_preservation,higher,0.60438496,0.59981167,0.00457329,0.00457329,improved
7000,E2_no_filter_minus_B0,E2_no_filter,B0,00025.png,229.jpg,gradient_preservation,higher,0.62067181,0.61884618,0.00182563,0.00182563,improved
7000,E2_no_filter_minus_B0,E2_no_filter,B0,00026.png,238.jpg,gradient_preservation,higher,0.60915798,0.60367864,0.00547934,0.00547934,improved
7000,E2_no_filter_minus_B0,E2_no_filter,B0,00027.png,247.jpg,gradient_preservation,higher,0.58273470,0.58397436,-0.00123966,-0.00123966,regressed
7000,E2_no_filter_minus_B0,E2_no_filter,B0,00028.png,257.jpg,gradient_preservation,higher,0.57809943,0.57604700,0.00205243,0.00205243,improved
7000,E2_no_filter_minus_B0,E2_no_filter,B0,00029.png,266.jpg,gradient_preservation,higher,0.56492877,0.56724530,-0.00231653,-0.00231653,regressed
7000,E2_no_filter_minus_B0,E2_no_filter,B0,00030.png,275.jpg,gradient_preservation,higher,0.45260891,0.45168567,0.00092324,0.00092324,improved
7000,E2_no_filter_minus_B0,E2_no_filter,B0,00031.png,284.jpg,gradient_preservation,higher,0.51696408,0.51573765,0.00122643,0.00122643,improved
7000,E2_no_filter_minus_B0,E2_no_filter,B0,00032.png,293.jpg,gradient_preservation,higher,0.53047359,0.52408826,0.00638533,0.00638533,improved
7000,E2_no_filter_minus_B0,E2_no_filter,B0,00033.png,302.jpg,gradient_preservation,higher,0.49942580,0.50019747,-0.00077167,-0.00077167,regressed
